last_modified,team_number,auto_start_position_far,auto_start_position_center,auto_start_position_near,auto_baseline_max,auto_baseline_min,auto_baseline_average,auto_baseline_std,auto_baseline_total,auto_gears_total_last_modified,auto_gears_total_placed_max,auto_gears_total_placed_min,auto_gears_total_placed_average,auto_gears_total_placed_std,auto_gears_total_placed_total,auto_gears_total_dropped_max,auto_gears_total_dropped_min,auto_gears_total_dropped_average,auto_gears_total_dropped_std,auto_gears_total_dropped_total,auto_gears_near_last_modified,auto_gears_near_placed_max,auto_gears_near_placed_min,auto_gears_near_placed_average,auto_gears_near_placed_std,auto_gears_near_placed_total,auto_gears_near_dropped_max,auto_gears_near_dropped_min,auto_gears_near_dropped_average,auto_gears_near_dropped_std,auto_gears_near_dropped_total,auto_gears_center_last_modified,auto_gears_center_placed_max,auto_gears_center_placed_min,auto_gears_center_placed_average,auto_gears_center_placed_std,auto_gears_center_placed_total,auto_gears_center_dropped_max,auto_gears_center_dropped_min,auto_gears_center_dropped_average,auto_gears_center_dropped_std,auto_gears_center_dropped_total,auto_gears_far_last_modified,auto_gears_far_placed_max,auto_gears_far_placed_min,auto_gears_far_placed_average,auto_gears_far_placed_std,auto_gears_far_placed_total,auto_gears_far_dropped_max,auto_gears_far_dropped_min,auto_gears_far_dropped_average,auto_gears_far_dropped_std,auto_gears_far_dropped_total,auto_gears_loading_station_last_modified,auto_gears_loading_station_placed_max,auto_gears_loading_station_placed_min,auto_gears_loading_station_placed_average,auto_gears_loading_station_placed_std,auto_gears_loading_station_placed_total,auto_gears_loading_station_dropped_max,auto_gears_loading_station_dropped_min,auto_gears_loading_station_dropped_average,auto_gears_loading_station_dropped_std,auto_gears_loading_station_dropped_total,auto_shooting_last_modified,auto_shooting_high_last_modified,auto_shooting_high_made_max,auto_shooting_high_made_min,auto_shooting_high_made_average,auto_shooting_high_made_std,auto_shooting_high_made_total,auto_shooting_high_missed_max,auto_shooting_high_missed_min,auto_shooting_high_missed_average,auto_shooting_high_missed_std,auto_shooting_high_missed_total,auto_shooting_low_last_modified,auto_shooting_low_made_max,auto_shooting_low_made_min,auto_shooting_low_made_average,auto_shooting_low_made_std,auto_shooting_low_made_total,auto_shooting_low_missed_max,auto_shooting_low_missed_min,auto_shooting_low_missed_average,auto_shooting_low_missed_std,auto_shooting_low_missed_total,auto_hoppers_max,auto_hoppers_min,auto_hoppers_average,auto_hoppers_std,auto_hoppers_total,auto_points_max,auto_points_min,auto_points_average,auto_points_std,auto_points_total,teleop_gears_total_last_modified,teleop_gears_total_placed_max,teleop_gears_total_placed_min,teleop_gears_total_placed_average,teleop_gears_total_placed_std,teleop_gears_total_placed_total,teleop_gears_total_dropped_max,teleop_gears_total_dropped_min,teleop_gears_total_dropped_average,teleop_gears_total_dropped_std,teleop_gears_total_dropped_total,teleop_gears_near_last_modified,teleop_gears_near_placed_max,teleop_gears_near_placed_min,teleop_gears_near_placed_average,teleop_gears_near_placed_std,teleop_gears_near_placed_total,teleop_gears_near_dropped_max,teleop_gears_near_dropped_min,teleop_gears_near_dropped_average,teleop_gears_near_dropped_std,teleop_gears_near_dropped_total,teleop_gears_center_last_modified,teleop_gears_center_placed_max,teleop_gears_center_placed_min,teleop_gears_center_placed_average,teleop_gears_center_placed_std,teleop_gears_center_placed_total,teleop_gears_center_dropped_max,teleop_gears_center_dropped_min,teleop_gears_center_dropped_average,teleop_gears_center_dropped_std,teleop_gears_center_dropped_total,teleop_gears_far_last_modified,teleop_gears_far_placed_max,teleop_gears_far_placed_min,teleop_gears_far_placed_average,teleop_gears_far_placed_std,teleop_gears_far_placed_total,teleop_gears_far_dropped_max,teleop_gears_far_dropped_min,teleop_gears_far_dropped_average,teleop_gears_far_dropped_std,teleop_gears_far_dropped_total,teleop_gears_loading_station_last_modified,teleop_gears_loading_station_placed_max,teleop_gears_loading_station_placed_min,teleop_gears_loading_station_placed_average,teleop_gears_loading_station_placed_std,teleop_gears_loading_station_placed_total,teleop_gears_loading_station_dropped_max,teleop_gears_loading_station_dropped_min,teleop_gears_loading_station_dropped_average,teleop_gears_loading_station_dropped_std,teleop_gears_loading_station_dropped_total,teleop_shooting_last_modified,teleop_shooting_high_last_modified,teleop_shooting_high_made_max,teleop_shooting_high_made_min,teleop_shooting_high_made_average,teleop_shooting_high_made_std,teleop_shooting_high_made_total,teleop_shooting_high_missed_max,teleop_shooting_high_missed_min,teleop_shooting_high_missed_average,teleop_shooting_high_missed_std,teleop_shooting_high_missed_total,teleop_shooting_low_last_modified,teleop_shooting_low_made_max,teleop_shooting_low_made_min,teleop_shooting_low_made_average,teleop_shooting_low_made_std,teleop_shooting_low_made_total,teleop_shooting_low_missed_max,teleop_shooting_low_missed_min,teleop_shooting_low_missed_average,teleop_shooting_low_missed_std,teleop_shooting_low_missed_total,teleop_hoppers_max,teleop_hoppers_min,teleop_hoppers_average,teleop_hoppers_std,teleop_hoppers_total,teleop_picked_up_gears_max,teleop_picked_up_gears_min,teleop_picked_up_gears_average,teleop_picked_up_gears_std,teleop_picked_up_gears_total,teleop_points_max,teleop_points_min,teleop_points_average,teleop_points_std,teleop_points_total,climb_last_modified,climb_success,climb_fell,climb_failed,climb_no_attempt,climb_foul_credit,climb_total,climb_success_percentage,climb_time_max,climb_time_min,climb_time_average,climb_time_std,climb_time_total,endgame_points_max,endgame_points_min,endgame_points_average,endgame_points_std,endgame_points_total,total_points_max,total_points_min,total_points_average,total_points_std,total_points_total,no_show_max,no_show_min,no_show_average,no_show_std,no_show_total,stopped_moving_max,stopped_moving_min,stopped_moving_average,stopped_moving_std,stopped_moving_total,dq_max,dq_min,dq_average,dq_std,dq_total,fouls_max,fouls_min,fouls_average,fouls_std,fouls_total,tech_fouls_max,tech_fouls_min,tech_fouls_average,tech_fouls_std,tech_fouls_total,yellow_card_max,yellow_card_min,yellow_card_average,yellow_card_std,yellow_card_total,red_card_max,red_card_min,red_card_average,red_card_std,red_card_total
1492860857499,8,2,6,2,1.0,0.0,0.8,0.4000000000000001,8.0,0,1,0,0.6,0.48989794855663565,6,1,0,0.1,0.30000000000000004,1,0,1,0,0.1,0.30000000000000004,1,0,0,0.0,0.0,0,0,1,0,0.5,0.5,5,0,0,0.0,0.0,0,0,0,0,0.0,0.0,0,1,0,0.1,0.30000000000000004,1,0,0,0,0.0,0.0,0,0,0,0.0,0.0,0,0,0,0,0,0.0,0.0,0,0,0,0.0,0.0,0,0,0,0,0.0,0.0,0,0,0,0.0,0.0,0,0,0,0.0,0.0,0,0,0,0.0,0.0,0,0,5,2,3.4,0.9165151389911681,34,0,0,0.0,0.0,0,0,5,0,1.5,1.746424919657298,15,0,0,0.0,0.0,0,0,2,0,0.4,0.66332495807108,4,0,0,0.0,0.0,0,0,4,0,1.5,1.4317821063276353,15,0,0,0.0,0.0,0,0,0,0,0.0,0.0,0,0,0,0.0,0.0,0,0,0,0,0,0.0,0.0,0,0,0,0.0,0.0,0,0,0,0,0.0,0.0,0,0,0,0.0,0.0,0,0,0,0.0,0.0,0,0,0,0.0,0.0,0,0,0,0.0,0.0,0,0,9,0,0,1,0,10,0.9,15,5,6.666666666666667,3.3333333333333326,60,0,0,0.0,0.0,0,0,0,0,0,0,1.0,0.0,0.1,0.30000000000000004,1.0,0.0,0.0,0.0,0.0,0,0.0,0.0,0.0,0.0,0,1,0,0.1,0.30000000000000004,1,0,0,0.0,0.0,0,0.0,0.0,0.0,0.0,0,0.0,0.0,0.0,0.0,0
1492860446510,115,3,3,4,1.0,0.0,0.7,0.45825756949558405,7.0,0,5,0,1.1,1.374772708486752,11,1,0,0.1,0.30000000000000004,1,0,1,0,0.3,0.45825756949558405,3,0,0,0.0,0.0,0,0,5,0,0.6,1.4966629547095767,6,0,0,0.0,0.0,0,0,1,0,0.2,0.4,2,1,0,0.1,0.30000000000000004,1,0,0,0,0.0,0.0,0,0,0,0.0,0.0,0,0,0,0,0,0.0,0.0,0,0,0,0.0,0.0,0,0,0,0,0.0,0.0,0,0,0,0.0,0.0,0,0,0,0.0,0.0,0,0,0,0.0,0.0,0,0,5,0,3.7,1.4177446878757827,37,1,0,0.2,0.4000000000000001,2,0,3,0,0.7,1.1874342087037917,7,0,0,0.0,0.0,0,0,2,0,0.5,0.6708203932499369,5,0,0,0.0,0.0,0,0,5,0,2.5,1.6881943016134133,25,0,0,0.0,0.0,0,0,0,0,0.0,0.0,0,1,0,0.2,0.4000000000000001,2,0,0,0,0,0.0,0.0,0,0,0,0.0,0.0,0,0,0,0,0.0,0.0,0,0,0,0.0,0.0,0,0,0,0.0,0.0,0,0,0,0.0,0.0,0,0,0,0.0,0.0,0,0,10,0,0,0,0,10,1.0,10,5,7.5,2.5,75,0,0,0.0,0.0,0,0,0,0,0,0,0.0,0.0,0.0,0.0,0,1.0,0.0,0.1,0.30000000000000004,1.0,0.0,0.0,0.0,0.0,0,0,0,0.0,0.0,0,1,0,0.1,0.30000000000000004,1,0.0,0.0,0.0,0.0,0,0.0,0.0,0.0,0.0,0
1492860549998,175,3,3,4,1.0,0.0,0.4,0.48989794855663565,4.0,0,1,0,0.1,0.30000000000000004,1,1,0,0.1,0.30000000000000004,1,0,0,0,0.0,0.0,0,1,0,0.1,0.30000000000000004,1,0,1,0,0.1,0.30000000000000004,1,0,0,0.0,0.0,0,0,0,0,0.0,0.0,0,0,0,0.0,0.0,0,0,0,0,0.0,0.0,0,0,0,0.0,0.0,0,0,0,4,0,0.7,1.268857754044952,7,10,0,2.4,3.7735924528226414,24,0,0,0,0.0,0.0,0,0,0,0.0,0.0,0,0,0,0.0,0.0,0,0,0,0.0,0.0,0,0,4,0,2.4,1.1135528725660044,24,1,0,0.2,0.4000000000000001,2,0,2,0,0.5,0.6708203932499369,5,0,0,0.0,0.0,0,0,2,0,0.7,0.7810249675906655,7,0,0,0.0,0.0,0,0,4,0,1.2,1.32664991614216,12,0,0,0.0,0.0,0,0,0,0,0.0,0.0,0,1,0,0.2,0.4000000000000001,2,0,0,7,0,0.7,2.1,7,1,0,0.1,0.30000000000000004,1,0,0,0,0.0,0.0,0,0,0,0.0,0.0,0,3,0,0.3,0.9,3,4,0,1.0,1.4142135623730951,10,0,0,0.0,0.0,0,0,9,0,0,1,0,10,0.9,15,5,10.555555555555555,2.832788618662658,95,0,0,0.0,0.0,0,0,0,0,0,0,0.0,0.0,0.0,0.0,0,0.0,0.0,0.0,0.0,0,0.0,0.0,0.0,0.0,0,0,0,0.0,0.0,0,0,0,0.0,0.0,0,0.0,0.0,0.0,0.0,0,0.0,0.0,0.0,0.0,0
1492860643489,365,2,2,6,1.0,0.0,0.6,0.48989794855663565,6.0,0,1,0,0.4,0.48989794855663565,4,1,0,0.2,0.4000000000000001,2,0,0,0,0.0,0.0,0,1,0,0.1,0.30000000000000004,1,0,1,0,0.2,0.4000000000000001,2,0,0,0.0,0.0,0,0,1,0,0.2,0.4000000000000001,2,1,0,0.1,0.30000000000000004,1,0,0,0,0.0,0.0,0,0,0,0.0,0.0,0,0,0,11,0,5.3,3.348133808556641,53,7,0,1.9,2.7367864366808017,19,0,0,0,0.0,0.0,0,0,0,0.0,0.0,0,0,0,0.0,0.0,0,0,0,0.0,0.0,0,0,5,2,3.7,0.9,37,1,0,0.2,0.4,2,0,5,0,1.9,2.0223748416156684,19,0,0,0.0,0.0,0,0,4,0,1.1,1.445683229480096,11,1,0,0.1,0.30000000000000004,1,0,4,0,0.7,1.4177446878757822,7,1,0,0.1,0.30000000000000004,1,0,0,0,0.0,0.0,0,0,0,0.0,0.0,0,0,0,9,0,2.3,2.9342801502242417,23,6,0,1.4,2.244994432064365,14,0,0,0,0.0,0.0,0,0,0,0.0,0.0,0,0,0,0.0,0.0,0,1,0,0.1,0.30000000000000004,1,0,0,0.0,0.0,0,0,9,0,0,0,1,10,0.9,15,5,7.777777777777778,3.424674446093876,70,0,0,0.0,0.0,0,0,0,0,0,0,1.0,0.0,0.1,0.30000000000000004,1.0,0.0,0.0,0.0,0.0,0,0.0,0.0,0.0,0.0,0,0,0,0.0,0.0,0,0,0,0.0,0.0,0,0.0,0.0,0.0,0.0,0,0.0,0.0,0.0,0.0,0
1492860679933,418,4,4,2,1.0,0.0,0.6,0.48989794855663565,6.0,0,1,0,0.3,0.45825756949558394,3,0,0,0.0,0.0,0,0,1,0,0.1,0.30000000000000004,1,0,0,0.0,0.0,0,0,1,0,0.1,0.30000000000000004,1,0,0,0.0,0.0,0,0,1,0,0.1,0.30000000000000004,1,0,0,0.0,0.0,0,0,0,0,0.0,0.0,0,0,0,0.0,0.0,0,0,0,0,0,0.0,0.0,0,0,0,0.0,0.0,0,0,0,0,0.0,0.0,0,0,0,0.0,0.0,0,0,0,0.0,0.0,0,0,0,0.0,0.0,0,0,4,0,2.4,1.2806248474865698,24,1,0,0.2,0.4000000000000001,2,0,4,0,0.6,1.2,6,0,0,0.0,0.0,0,0,2,0,0.6,0.8,6,0,0,0.0,0.0,0,0,4,0,1.2,1.3266499161421599,12,1,0,0.1,0.30000000000000004,1,0,0,0,0.0,0.0,0,1,0,0.1,0.30000000000000004,1,0,0,0,0,0.0,0.0,0,0,0,0.0,0.0,0,0,0,0,0.0,0.0,0,0,0,0.0,0.0,0,1,0,0.1,0.30000000000000004,1,0,0,0.0,0.0,0,0,0,0.0,0.0,0,0,8,0,1,1,0,10,0.8,20,5,9.375,5.266343608235224,75,0,0,0.0,0.0,0,0,0,0,0,0,0.0,0.0,0.0,0.0,0,1.0,0.0,0.1,0.30000000000000004,1.0,0.0,0.0,0.0,0.0,0,0,0,0.0,0.0,0,1,0,0.1,0.30000000000000004,1,1.0,0.0,0.1,0.30000000000000004,1.0,0.0,0.0,0.0,0.0,0
1492860709413,435,2,4,4,1.0,0.0,0.8,0.4,8.0,0,1,0,0.2,0.4000000000000001,2,0,0,0.0,0.0,0,0,0,0,0.0,0.0,0,0,0,0.0,0.0,0,0,1,0,0.2,0.4000000000000001,2,0,0,0.0,0.0,0,0,0,0,0.0,0.0,0,0,0,0.0,0.0,0,0,0,0,0.0,0.0,0,0,0,0.0,0.0,0,0,0,0,0,0.0,0.0,0,0,0,0.0,0.0,0,0,0,0,0.0,0.0,0,0,0,0.0,0.0,0,0,0,0.0,0.0,0,0,0,0.0,0.0,0,0,5,2,3.4,1.0198039027185568,34,1,0,0.5,0.5,5,0,3,0,0.9,1.1357816691600549,9,0,0,0.0,0.0,0,0,5,0,1.7,1.6155494421403511,17,1,0,0.1,0.30000000000000004,1,0,4,0,0.8,1.4000000000000001,8,1,0,0.1,0.30000000000000004,1,0,0,0,0.0,0.0,0,1,0,0.3,0.45825756949558394,3,0,0,0,0,0.0,0.0,0,0,0,0.0,0.0,0,0,0,0,0.0,0.0,0,0,0,0.0,0.0,0,0,0,0.0,0.0,0,0,0,0.0,0.0,0,0,0,0.0,0.0,0,0,6,0,3,1,0,10,0.6,20,5,11.666666666666666,4.714045207910317,70,0,0,0.0,0.0,0,0,0,0,0,0,0.0,0.0,0.0,0.0,0,1.0,0.0,0.1,0.30000000000000004,1.0,0.0,0.0,0.0,0.0,0,1,0,0.1,0.30000000000000004,1,0,0,0.0,0.0,0,0.0,0.0,0.0,0.0,0,0.0,0.0,0.0,0.0,0
1492860719224,441,6,0,4,1.0,0.0,0.2,0.4,2.0,0,0,0,0.0,0.0,0,0,0,0.0,0.0,0,0,0,0,0.0,0.0,0,0,0,0.0,0.0,0,0,0,0,0.0,0.0,0,0,0,0.0,0.0,0,0,0,0,0.0,0.0,0,0,0,0.0,0.0,0,0,0,0,0.0,0.0,0,0,0,0.0,0.0,0,0,0,0,0,0.0,0.0,0,0,0,0.0,0.0,0,0,20,0,2.0,6.0,20,0,0,0.0,0.0,0,0,0,0.0,0.0,0,0,0,0.0,0.0,0,0,5,1,3.0,1.2649110640673518,30,2,0,0.2,0.6000000000000001,2,0,5,0,1.1,1.6401219466856727,11,1,0,0.1,0.30000000000000004,1,0,2,0,0.8,0.7483314773547882,8,0,0,0.0,0.0,0,0,3,0,1.1,1.1357816691600546,11,1,0,0.1,0.30000000000000004,1,0,0,0,0.0,0.0,0,0,0,0.0,0.0,0,0,0,0,0,0.0,0.0,0,0,0,0.0,0.0,0,0,0,0,0.0,0.0,0,0,0,0.0,0.0,0,0,0,0.0,0.0,0,0,0,0.0,0.0,0,0,0,0.0,0.0,0,0,7,0,2,1,0,10,0.7,25,5,10.0,6.546536707079771,70,0,0,0.0,0.0,0,0,0,0,0,0,1.0,0.0,0.1,0.30000000000000004,1.0,1.0,0.0,0.1,0.30000000000000004,1.0,0.0,0.0,0.0,0.0,0,0,0,0.0,0.0,0,0,0,0.0,0.0,0,0.0,0.0,0.0,0.0,0,0.0,0.0,0.0,0.0,0
1492860746367,488,1,0,9,1.0,0.0,0.4,0.4898979485566356,4.0,0,1,0,0.1,0.30000000000000004,1,0,0,0.0,0.0,0,0,0,0,0.0,0.0,0,0,0,0.0,0.0,0,0,0,0,0.0,0.0,0,0,0,0.0,0.0,0,0,1,0,0.1,0.30000000000000004,1,0,0,0.0,0.0,0,0,0,0,0.0,0.0,0,0,0,0.0,0.0,0,0,0,10,0,6.3,2.5317977802344322,63,10,0,2.2,3.0919249667480613,22,0,0,0,0.0,0.0,0,0,0,0.0,0.0,0,0,0,0.0,0.0,0,0,0,0.0,0.0,0,0,1,0,0.4,0.48989794855663565,4,0,0,0.0,0.0,0,0,1,0,0.3,0.45825756949558394,3,0,0,0.0,0.0,0,0,0,0,0.0,0.0,0,0,0,0.0,0.0,0,0,1,0,0.1,0.30000000000000004,1,0,0,0.0,0.0,0,0,0,0,0.0,0.0,0,0,0,0.0,0.0,0,0,0,99,36,64.6,22.231509170544406,646,40,0,19.0,14.966629547095765,190,0,0,0,0.0,0.0,0,0,0,0.0,0.0,0,6,0,1.7,1.9000000000000001,17,0,0,0.0,0.0,0,0,0,0.0,0.0,0,0,7,0,2,1,0,10,0.7,15,5,10.0,3.779644730092272,70,0,0,0.0,0.0,0,0,0,0,0,0,0.0,0.0,0.0,0.0,0,0.0,0.0,0.0,0.0,0,0.0,0.0,0.0,0.0,0,0,0,0.0,0.0,0,1,0,0.1,0.30000000000000004,1,0.0,0.0,0.0,0.0,0,0.0,0.0,0.0,0.0,0
1492860789441,585,5,1,4,1.0,0.0,0.9,0.30000000000000004,9.0,0,1,0,0.1,0.30000000000000004,1,0,0,0.0,0.0,0,0,1,0,0.1,0.30000000000000004,1,0,0,0.0,0.0,0,0,0,0,0.0,0.0,0,0,0,0.0,0.0,0,0,0,0,0.0,0.0,0,0,0,0.0,0.0,0,0,0,0,0.0,0.0,0,0,0,0.0,0.0,0,0,0,0,0,0.0,0.0,0,0,0,0.0,0.0,0,0,0,0,0.0,0.0,0,0,0,0.0,0.0,0,0,0,0.0,0.0,0,0,0,0.0,0.0,0,0,3,1,1.7,0.6403124237432849,17,3,0,0.3,0.9000000000000001,3,0,2,0,0.4,0.66332495807108,4,0,0,0.0,0.0,0,0,3,0,0.6,1.0198039027185568,6,2,0,0.2,0.6000000000000001,2,0,2,0,0.7,0.7810249675906654,7,1,0,0.1,0.30000000000000004,1,0,0,0,0.0,0.0,0,0,0,0.0,0.0,0,0,0,0,0,0.0,0.0,0,0,0,0.0,0.0,0,0,0,0,0.0,0.0,0,0,0,0.0,0.0,0,0,0,0.0,0.0,0,4,0,1.2,1.16619037896906,12,0,0,0.0,0.0,0,0,5,0,4,1,0,10,0.5,15,5,7.0,4.0,35,0,0,0.0,0.0,0,0,0,0,0,0,0.0,0.0,0.0,0.0,0,0.0,0.0,0.0,0.0,0,0.0,0.0,0.0,0.0,0,1,0,0.1,0.30000000000000004,1,0,0,0.0,0.0,0,0.0,0.0,0.0,0.0,0,0.0,0.0,0.0,0.0,0
1492860807778,624,5,0,4,1.0,0.0,0.8888888888888888,0.3142696805273545,8.0,0,1,0,0.6666666666666666,0.4714045207910317,6,1,0,0.3333333333333333,0.47140452079103173,3,0,1,0,0.3333333333333333,0.47140452079103173,3,0,0,0.0,0.0,0,0,0,0,0.0,0.0,0,0,0,0.0,0.0,0,0,1,0,0.3333333333333333,0.47140452079103173,3,1,0,0.3333333333333333,0.47140452079103173,3,0,0,0,0.0,0.0,0,0,0,0.0,0.0,0,0,0,6,0,0.8888888888888888,1.9116278371205837,8,8,0,0.8888888888888888,2.514157444218836,8,0,0,0,0.0,0.0,0,0,0,0.0,0.0,0,0,0,0.0,0.0,0,0,0,0.0,0.0,0,0,5,3,4.0,0.816496580927726,36,0,0,0.0,0.0,0,0,5,0,1.3333333333333333,1.632993161855452,12,0,0,0.0,0.0,0,0,2,0,0.4444444444444444,0.6849348892187752,4,0,0,0.0,0.0,0,0,5,0,2.2222222222222223,1.872477727372524,20,0,0,0.0,0.0,0,0,0,0,0.0,0.0,0,0,0,0.0,0.0,0,0,0,0,0,0.0,0.0,0,0,0,0.0,0.0,0,0,0,0,0.0,0.0,0,0,0,0.0,0.0,0,1,0,0.1111111111111111,0.31426968052735454,1,0,0,0.0,0.0,0,0,0,0.0,0.0,0,0,8,0,0,0,1,9,0.8888888888888888,10,5,6.25,2.165063509461097,50,0,0,0.0,0.0,0,0,0,0,0,0,0.0,0.0,0.0,0.0,0,0.0,0.0,0.0,0.0,0,0.0,0.0,0.0,0.0,0,1,0,0.1111111111111111,0.3142696805273545,1,0,0,0.0,0.0,0,0.0,0.0,0.0,0.0,0,0.0,0.0,0.0,0.0,0
1492860862335,955,7,1,2,1.0,0.0,0.5,0.5,5.0,0,1,0,0.3,0.45825756949558394,3,1,0,0.1,0.30000000000000004,1,0,1,0,0.1,0.30000000000000004,1,0,0,0.0,0.0,0,0,0,0,0.0,0.0,0,0,0,0.0,0.0,0,0,1,0,0.2,0.4000000000000001,2,1,0,0.1,0.30000000000000004,1,0,0,0,0.0,0.0,0,0,0,0.0,0.0,0,0,0,0,0,0.0,0.0,0,0,0,0.0,0.0,0,0,0,0,0.0,0.0,0,0,0,0.0,0.0,0,0,0,0.0,0.0,0,0,0,0.0,0.0,0,0,4,0,1.6,1.3564659966250536,16,5,0,1.1,1.57797338380595,11,0,2,0,0.3,0.6403124237432848,3,1,0,0.1,0.30000000000000004,1,0,3,0,0.6,0.9165151389911681,6,0,0,0.0,0.0,0,0,2,0,0.7,0.7810249675906655,7,3,0,0.7,1.1874342087037917,7,0,0,0,0.0,0.0,0,2,0,0.3,0.6403124237432849,3,0,0,0,0,0.0,0.0,0,0,0,0.0,0.0,0,0,0,0,0.0,0.0,0,0,0,0.0,0.0,0,1,0,0.2,0.4000000000000001,2,1,0,0.1,0.30000000000000004,1,0,0,0.0,0.0,0,0,6,1,3,0,0,10,0.6,5,5,5.0,0.0,30,0,0,0.0,0.0,0,0,0,0,0,0,1.0,0.0,0.1,0.30000000000000004,1.0,1.0,0.0,0.2,0.4000000000000001,2.0,0.0,0.0,0.0,0.0,0,0,0,0.0,0.0,0,0,0,0.0,0.0,0,0.0,0.0,0.0,0.0,0,0.0,0.0,0.0,0.0,0
1492860867228,973,0,0,10,1.0,0.0,0.2,0.4,2.0,0,1,0,0.1,0.30000000000000004,1,0,0,0.0,0.0,0,0,1,0,0.1,0.30000000000000004,1,0,0,0.0,0.0,0,0,0,0,0.0,0.0,0,0,0,0.0,0.0,0,0,0,0,0.0,0.0,0,0,0,0.0,0.0,0,0,0,0,0.0,0.0,0,0,0,0.0,0.0,0,0,0,41,3,28.5,9.73909646733207,285,20,0,7.0,7.429670248402684,70,0,0,0,0.0,0.0,0,0,0,0.0,0.0,0,1,0,0.2,0.4000000000000001,2,0,0,0.0,0.0,0,0,4,0,1.8,1.2489995996796797,18,0,0,0.0,0.0,0,0,3,0,0.8,1.077032961426901,8,0,0,0.0,0.0,0,0,2,0,0.4,0.66332495807108,4,0,0,0.0,0.0,0,0,2,0,0.6,0.8,6,0,0,0.0,0.0,0,0,0,0,0.0,0.0,0,0,0,0.0,0.0,0,0,0,123,18,49.4,31.324750597570603,494,40,0,11.8,12.253978945632314,118,0,0,0,0.0,0.0,0,0,0,0.0,0.0,0,2,0,0.5,0.806225774829855,5,2,0,0.3,0.6403124237432848,3,0,0,0.0,0.0,0,0,9,0,0,1,0,10,0.9,10,5,6.111111111111111,2.078698548207745,55,0,0,0.0,0.0,0,0,0,0,0,0,0.0,0.0,0.0,0.0,0,0.0,0.0,0.0,0.0,0,0.0,0.0,0.0,0.0,0,0,0,0.0,0.0,0,0,0,0.0,0.0,0,0.0,0.0,0.0,0.0,0,0.0,0.0,0.0,0.0,0
1492860433160,1002,6,1,3,1.0,0.0,0.8,0.4,8.0,0,1,0,0.1,0.30000000000000004,1,0,0,0.0,0.0,0,0,0,0,0.0,0.0,0,0,0,0.0,0.0,0,0,1,0,0.1,0.30000000000000004,1,0,0,0.0,0.0,0,0,0,0,0.0,0.0,0,0,0,0.0,0.0,0,0,0,0,0.0,0.0,0,0,0,0.0,0.0,0,0,0,0,0,0.0,0.0,0,0,0,0.0,0.0,0,0,0,0,0.0,0.0,0,0,0,0.0,0.0,0,0,0,0.0,0.0,0,0,0,0.0,0.0,0,0,9,1,4.0,2.0976176963403033,40,2,0,0.3,0.6403124237432849,3,0,8,0,1.6,2.3323807579381204,16,0,0,0.0,0.0,0,0,4,0,1.1,1.2206555615733705,11,0,0,0.0,0.0,0,0,5,0,1.3,1.4177446878757824,13,0,0,0.0,0.0,0,0,0,0,0.0,0.0,0,2,0,0.3,0.6403124237432849,3,0,0,0,0,0.0,0.0,0,0,0,0.0,0.0,0,0,0,0,0.0,0.0,0,0,0,0.0,0.0,0,1,0,0.2,0.4,2,0,0,0.0,0.0,0,0,0,0.0,0.0,0,0,8,0,1,1,0,10,0.8,10,5,6.25,2.165063509461097,50,0,0,0.0,0.0,0,0,0,0,0,0,1.0,0.0,0.1,0.30000000000000004,1.0,0.0,0.0,0.0,0.0,0,0.0,0.0,0.0,0.0,0,0,0,0.0,0.0,0,1,0,0.1,0.30000000000000004,1,0.0,0.0,0.0,0.0,0,0.0,0.0,0.0,0.0,0
1492860439556,1011,3,6,1,1.0,0.0,0.6,0.48989794855663565,6.0,0,2,0,0.8,0.7483314773547882,8,1,0,0.2,0.4000000000000001,2,0,1,0,0.1,0.30000000000000004,1,0,0,0.0,0.0,0,0,2,0,0.5,0.806225774829855,5,1,0,0.1,0.30000000000000004,1,0,1,0,0.2,0.4,2,1,0,0.1,0.30000000000000004,1,0,0,0,0.0,0.0,0,0,0,0.0,0.0,0,0,0,0,0,0.0,0.0,0,0,0,0.0,0.0,0,0,0,0,0.0,0.0,0,0,0,0.0,0.0,0,0,0,0.0,0.0,0,0,0,0.0,0.0,0,0,7,2,4.2,1.469693845669907,42,1,0,0.1,0.30000000000000004,1,0,3,0,0.5,0.9219544457292888,5,1,0,0.1,0.30000000000000004,1,0,4,0,1.0,1.2649110640673518,10,0,0,0.0,0.0,0,0,5,0,2.7,1.676305461424021,27,0,0,0.0,0.0,0,0,0,0,0.0,0.0,0,0,0,0.0,0.0,0,0,0,0,0,0.0,0.0,0,0,0,0.0,0.0,0,0,0,0,0.0,0.0,0,0,0,0.0,0.0,0,0,0,0.0,0.0,0,5,0,1.9,1.972308292331602,19,0,0,0.0,0.0,0,0,7,0,2,1,0,10,0.7,15,5,9.285714285714286,4.164965639175215,65,0,0,0.0,0.0,0,0,0,0,0,0,0.0,0.0,0.0,0.0,0,1.0,0.0,0.1,0.30000000000000004,1.0,0.0,0.0,0.0,0.0,0,0,0,0.0,0.0,0,0,0,0.0,0.0,0,0.0,0.0,0.0,0.0,0,0.0,0.0,0.0,0.0,0
1492860454505,1339,2,5,3,1.0,0.0,0.5,0.5,5.0,0,1,0,0.4,0.48989794855663565,4,0,0,0.0,0.0,0,0,0,0,0.0,0.0,0,0,0,0.0,0.0,0,0,1,0,0.3,0.45825756949558405,3,0,0,0.0,0.0,0,0,1,0,0.1,0.30000000000000004,1,0,0,0.0,0.0,0,0,0,0,0.0,0.0,0,0,0,0.0,0.0,0,0,0,0,0,0.0,0.0,0,0,0,0.0,0.0,0,0,0,0,0.0,0.0,0,0,0,0.0,0.0,0,0,0,0.0,0.0,0,0,0,0.0,0.0,0,0,5,0,2.6,1.42828568570857,26,0,0,0.0,0.0,0,0,2,0,0.9,0.7000000000000001,9,0,0,0.0,0.0,0,0,3,0,0.9,0.9433981132056604,9,0,0,0.0,0.0,0,0,2,0,0.8,0.8717797887081348,8,0,0,0.0,0.0,0,0,0,0,0.0,0.0,0,0,0,0.0,0.0,0,0,0,0,0,0.0,0.0,0,0,0,0.0,0.0,0,0,0,0,0.0,0.0,0,0,0,0.0,0.0,0,0,0,0.0,0.0,0,4,0,1.3,1.6155494421403513,13,0,0,0.0,0.0,0,0,6,0,1,3,0,10,0.6,20,10,12.5,3.8188130791298667,75,0,0,0.0,0.0,0,0,0,0,0,0,0.0,0.0,0.0,0.0,0,0.0,0.0,0.0,0.0,0,0.0,0.0,0.0,0.0,0,0,0,0.0,0.0,0,0,0,0.0,0.0,0,0.0,0.0,0.0,0.0,0,0.0,0.0,0.0,0.0,0
1492860461881,1414,5,3,1,1.0,0.0,0.7777777777777778,0.41573970964154905,7.0,0,1,0,0.8888888888888888,0.3142696805273545,8,0,0,0.0,0.0,0,0,1,0,0.1111111111111111,0.3142696805273545,1,0,0,0.0,0.0,0,0,1,0,0.3333333333333333,0.47140452079103173,3,0,0,0.0,0.0,0,0,1,0,0.4444444444444444,0.4969039949999533,4,0,0,0.0,0.0,0,0,0,0,0.0,0.0,0,0,0,0.0,0.0,0,0,0,0,0,0.0,0.0,0,0,0,0.0,0.0,0,0,0,0,0.0,0.0,0,0,0,0.0,0.0,0,0,0,0.0,0.0,0,0,0,0.0,0.0,0,0,5,2,3.5555555555555554,0.831479419283098,32,0,0,0.0,0.0,0,0,3,0,0.6666666666666666,0.9428090415820634,6,0,0,0.0,0.0,0,0,4,0,1.8888888888888888,1.286204100310025,17,0,0,0.0,0.0,0,0,5,0,1.0,1.5634719199411433,9,0,0,0.0,0.0,0,0,0,0,0.0,0.0,0,0,0,0.0,0.0,0,0,0,0,0,0.0,0.0,0,0,0,0.0,0.0,0,0,0,0,0.0,0.0,0,0,0,0.0,0.0,0,0,0,0.0,0.0,0,0,0,0.0,0.0,0,0,0,0.0,0.0,0,0,7,0,1,1,0,9,0.7777777777777778,10,5,7.142857142857143,2.4743582965269675,50,0,0,0.0,0.0,0,0,0,0,0,0,0.0,0.0,0.0,0.0,0,0.0,0.0,0.0,0.0,0,0.0,0.0,0.0,0.0,0,0,0,0.0,0.0,0,0,0,0.0,0.0,0,0.0,0.0,0.0,0.0,0,0.0,0.0,0.0,0.0,0
1492860468454,1477,2,4,4,1.0,0.0,0.6,0.48989794855663565,6.0,0,1,0,0.4,0.4898979485566356,4,1,0,0.1,0.30000000000000004,1,0,1,0,0.1,0.30000000000000004,1,0,0,0.0,0.0,0,0,1,0,0.2,0.4000000000000001,2,0,0,0.0,0.0,0,0,1,0,0.1,0.30000000000000004,1,1,0,0.1,0.30000000000000004,1,0,0,0,0.0,0.0,0,0,0,0.0,0.0,0,0,0,0,0,0.0,0.0,0,0,0,0.0,0.0,0,0,0,0,0.0,0.0,0,0,0,0.0,0.0,0,0,0,0.0,0.0,0,0,0,0.0,0.0,0,0,4,1,3.2,0.9797958971132713,32,1,0,0.5,0.5,5,0,4,0,1.3,1.3453624047073711,13,0,0,0.0,0.0,0,0,3,0,1.2,0.9797958971132712,12,1,0,0.1,0.30000000000000004,1,0,2,0,0.7,0.7810249675906655,7,1,0,0.3,0.45825756949558394,3,0,0,0,0.0,0.0,0,1,0,0.1,0.30000000000000004,1,0,0,11,0,2.3,3.4365680554879163,23,50,0,10.6,17.641995352000297,106,0,0,0,0.0,0.0,0,0,0,0.0,0.0,0,2,0,0.2,0.6000000000000001,2,4,0,0.7,1.268857754044952,7,0,0,0.0,0.0,0,0,9,0,1,0,0,10,0.9,15,5,8.333333333333334,4.0824829046386295,75,0,0,0.0,0.0,0,0,0,0,0,0,0.0,0.0,0.0,0.0,0,0.0,0.0,0.0,0.0,0,0.0,0.0,0.0,0.0,0,0,0,0.0,0.0,0,0,0,0.0,0.0,0,0.0,0.0,0.0,0.0,0,0.0,0.0,0.0,0.0,0
1492860476765,1482,5,0,5,1.0,1.0,1.0,0.0,10.0,0,0,0,0.0,0.0,0,0,0,0.0,0.0,0,0,0,0,0.0,0.0,0,0,0,0.0,0.0,0,0,0,0,0.0,0.0,0,0,0,0.0,0.0,0,0,0,0,0.0,0.0,0,0,0,0.0,0.0,0,0,0,0,0.0,0.0,0,0,0,0.0,0.0,0,0,0,0,0,0.0,0.0,0,0,0,0.0,0.0,0,0,0,0,0.0,0.0,0,0,0,0.0,0.0,0,0,0,0.0,0.0,0,0,0,0.0,0.0,0,0,5,0,2.5,1.284523257866513,25,1,0,0.2,0.4000000000000001,2,0,4,0,0.9,1.2206555615733703,9,0,0,0.0,0.0,0,0,0,0,0.0,0.0,0,0,0,0.0,0.0,0,0,3,0,1.6,1.1135528725660042,16,1,0,0.1,0.30000000000000004,1,0,0,0,0.0,0.0,0,1,0,0.1,0.30000000000000004,1,0,0,0,0,0.0,0.0,0,0,0,0.0,0.0,0,0,0,0,0.0,0.0,0,0,0,0.0,0.0,0,1,0,0.1,0.30000000000000004,1,0,0,0.0,0.0,0,0,0,0.0,0.0,0,0,9,0,0,1,0,10,0.9,20,10,13.75,3.307189138830738,110,0,0,0.0,0.0,0,0,0,0,0,0,0.0,0.0,0.0,0.0,0,0.0,0.0,0.0,0.0,0,0.0,0.0,0.0,0.0,0,0,0,0.0,0.0,0,0,0,0.0,0.0,0,0.0,0.0,0.0,0.0,0,0.0,0.0,0.0,0.0,0
1492860543498,1574,0,0,9,1.0,0.0,0.5555555555555556,0.4969039949999533,5.0,0,0,0,0.0,0.0,0,0,0,0.0,0.0,0,0,0,0,0.0,0.0,0,0,0,0.0,0.0,0,0,0,0,0.0,0.0,0,0,0,0.0,0.0,0,0,0,0,0.0,0.0,0,0,0,0.0,0.0,0,0,0,0,0.0,0.0,0,0,0,0.0,0.0,0,0,0,31,15,23.0,4.96655480858378,207,15,0,5.111111111111111,4.863570806275398,46,0,0,0,0.0,0.0,0,0,0,0.0,0.0,0,1,0,0.3333333333333333,0.47140452079103173,3,0,0,0.0,0.0,0,0,2,0,1.0,0.816496580927726,9,1,0,0.1111111111111111,0.31426968052735454,1,0,2,0,0.6666666666666666,0.816496580927726,6,1,0,0.1111111111111111,0.31426968052735454,1,0,1,0,0.1111111111111111,0.3142696805273545,1,0,0,0.0,0.0,0,0,2,0,0.2222222222222222,0.6285393610547089,2,0,0,0.0,0.0,0,0,0,0,0.0,0.0,0,0,0,0.0,0.0,0,0,0,57,14,37.666666666666664,15.040685563571303,339,35,0,9.777777777777779,10.931887889998972,88,0,0,0,0.0,0.0,0,0,0,0.0,0.0,0,2,0,0.4444444444444444,0.6849348892187752,4,1,0,0.1111111111111111,0.3142696805273545,1,0,0,0.0,0.0,0,0,9,0,0,0,0,9,1.0,15,5,9.375,2.9973947020704497,75,0,0,0.0,0.0,0,0,0,0,0,0,1.0,0.0,0.1111111111111111,0.31426968052735443,1.0,0.0,0.0,0.0,0.0,0,0.0,0.0,0.0,0.0,0,0,0,0.0,0.0,0,0,0,0.0,0.0,0,0.0,0.0,0.0,0.0,0,0.0,0.0,0.0,0.0,0
1492860556554,2183,5,2,3,1.0,0.0,0.9,0.3,9.0,0,1,0,0.2,0.4000000000000001,2,0,0,0.0,0.0,0,0,0,0,0.0,0.0,0,0,0,0.0,0.0,0,0,1,0,0.2,0.4000000000000001,2,0,0,0.0,0.0,0,0,0,0,0.0,0.0,0,0,0,0.0,0.0,0,0,0,0,0.0,0.0,0,0,0,0.0,0.0,0,0,0,0,0,0.0,0.0,0,0,0,0.0,0.0,0,0,0,0,0.0,0.0,0,0,0,0.0,0.0,0,0,0,0.0,0.0,0,0,0,0.0,0.0,0,0,3,0,2.1,1.044030650891055,21,0,0,0.0,0.0,0,0,3,0,1.1,1.2206555615733703,11,0,0,0.0,0.0,0,0,2,0,0.6,0.8,6,0,0,0.0,0.0,0,0,2,0,0.4,0.66332495807108,4,0,0,0.0,0.0,0,0,0,0,0.0,0.0,0,0,0,0.0,0.0,0,0,0,0,0,0.0,0.0,0,0,0,0.0,0.0,0,0,0,0,0.0,0.0,0,0,0,0.0,0.0,0,1,0,0.1,0.30000000000000004,1,0,0,0.0,0.0,0,0,0,0.0,0.0,0,0,4,0,4,2,0,10,0.4,15,10,11.666666666666666,2.357022603955158,35,0,0,0.0,0.0,0,0,0,0,0,0,0.0,0.0,0.0,0.0,0,1.0,0.0,0.3,0.45825756949558394,3.0,0.0,0.0,0.0,0.0,0,0,0,0.0,0.0,0,0,0,0.0,0.0,0,0.0,0.0,0.0,0.0,0,0.0,0.0,0.0,0.0,0
1492860563918,2403,3,5,2,1.0,0.0,0.6,0.4898979485566356,6.0,0,1,0,0.7,0.45825756949558405,7,0,0,0.0,0.0,0,0,0,0,0.0,0.0,0,0,0,0.0,0.0,0,0,1,0,0.4,0.4898979485566356,4,0,0,0.0,0.0,0,0,1,0,0.3,0.45825756949558394,3,0,0,0.0,0.0,0,0,0,0,0.0,0.0,0,0,0,0.0,0.0,0,0,0,0,0,0.0,0.0,0,0,0,0.0,0.0,0,0,0,0,0.0,0.0,0,0,0,0.0,0.0,0,0,0,0.0,0.0,0,0,0,0.0,0.0,0,0,5,1,2.7,1.1874342087037917,27,3,0,0.4,0.9165151389911681,4,0,2,0,0.5,0.6708203932499369,5,0,0,0.0,0.0,0,0,4,0,1.7,1.268857754044952,17,2,0,0.2,0.6000000000000001,2,0,3,0,0.5,0.9219544457292888,5,1,0,0.1,0.30000000000000004,1,0,0,0,0.0,0.0,0,1,0,0.1,0.30000000000000004,1,0,0,0,0,0.0,0.0,0,0,0,0.0,0.0,0,0,0,0,0.0,0.0,0,0,0,0.0,0.0,0,0,0,0.0,0.0,0,0,0,0.0,0.0,0,0,0,0.0,0.0,0,0,4,0,3,1,2,10,0.4,10,5,7.5,2.5,30,0,0,0.0,0.0,0,0,0,0,0,0,0.0,0.0,0.0,0.0,0,0.0,0.0,0.0,0.0,0,0.0,0.0,0.0,0.0,0,0,0,0.0,0.0,0,0,0,0.0,0.0,0,0.0,0.0,0.0,0.0,0,0.0,0.0,0.0,0.0,0
1492860571428,2468,4,3,3,1.0,0.0,0.5,0.5,5.0,0,1,0,0.5,0.5,5,2,0,0.3,0.6403124237432848,3,0,1,0,0.1,0.30000000000000004,1,0,0,0.0,0.0,0,0,1,0,0.3,0.45825756949558405,3,0,0,0.0,0.0,0,0,1,0,0.1,0.30000000000000004,1,2,0,0.3,0.6403124237432848,3,0,0,0,0.0,0.0,0,0,0,0.0,0.0,0,0,0,0,0,0.0,0.0,0,0,0,0.0,0.0,0,0,0,0,0.0,0.0,0,0,0,0.0,0.0,0,0,0,0.0,0.0,0,0,0,0.0,0.0,0,0,5,0,3.1,1.3,31,1,0,0.3,0.45825756949558405,3,0,4,0,0.7,1.268857754044952,7,1,0,0.1,0.30000000000000004,1,0,3,0,0.8,0.9797958971132713,8,1,0,0.1,0.30000000000000004,1,0,5,0,1.6,1.6248076809271923,16,1,0,0.1,0.30000000000000004,1,0,0,0,0.0,0.0,0,0,0,0.0,0.0,0,0,0,0,0,0.0,0.0,0,0,0,0.0,0.0,0,0,0,0,0.0,0.0,0,0,0,0.0,0.0,0,0,0,0.0,0.0,0,5,0,1.5,1.5,15,0,0,0.0,0.0,0,0,5,0,4,1,0,10,0.5,20,5,10.0,5.477225575051661,50,0,0,0.0,0.0,0,0,0,0,0,0,0.0,0.0,0.0,0.0,0,0.0,0.0,0.0,0.0,0,0.0,0.0,0.0,0.0,0,1,0,0.1,0.30000000000000004,1,1,0,0.1,0.30000000000000004,1,0.0,0.0,0.0,0.0,0,0.0,0.0,0.0,0.0,0
1492860575886,2478,2,8,0,1.0,0.0,0.7,0.45825756949558405,7.0,0,1,0,0.3,0.45825756949558405,3,1,0,0.1,0.30000000000000004,1,0,0,0,0.0,0.0,0,0,0,0.0,0.0,0,0,1,0,0.3,0.45825756949558405,3,1,0,0.1,0.30000000000000004,1,0,0,0,0.0,0.0,0,0,0,0.0,0.0,0,0,0,0,0.0,0.0,0,0,0,0.0,0.0,0,0,0,0,0,0.0,0.0,0,0,0,0.0,0.0,0,0,0,0,0.0,0.0,0,0,0,0.0,0.0,0,0,0,0.0,0.0,0,0,0,0.0,0.0,0,0,5,1,3.3,1.3453624047073711,33,7,0,0.7,2.1000000000000005,7,0,5,0,1.0,1.5491933384829668,10,0,0,0.0,0.0,0,0,3,0,0.7,1.004987562112089,7,0,0,0.0,0.0,0,0,5,0,1.6,1.7435595774162693,16,0,0,0.0,0.0,0,0,0,0,0.0,0.0,0,7,0,0.7,2.1000000000000005,7,0,0,20,0,2.0,6.0,20,25,0,2.5,7.5,25,0,0,0,0.0,0.0,0,0,0,0.0,0.0,0,1,0,0.1,0.30000000000000004,1,0,0,0.0,0.0,0,0,0,0.0,0.0,0,0,8,0,1,1,0,10,0.8,15,5,7.5,3.5355339059327378,60,0,0,0.0,0.0,0,0,0,0,0,0,0.0,0.0,0.0,0.0,0,0.0,0.0,0.0,0.0,0,0.0,0.0,0.0,0.0,0,0,0,0.0,0.0,0,0,0,0.0,0.0,0,0.0,0.0,0.0,0.0,0,0.0,0.0,0.0,0.0,0
1492860580947,2485,8,1,1,1.0,0.0,0.9,0.30000000000000004,9.0,0,1,0,0.4,0.48989794855663565,4,0,0,0.0,0.0,0,0,0,0,0.0,0.0,0,0,0,0.0,0.0,0,0,0,0,0.0,0.0,0,0,0,0.0,0.0,0,0,1,0,0.4,0.48989794855663565,4,0,0,0.0,0.0,0,0,0,0,0.0,0.0,0,0,0,0.0,0.0,0,0,0,0,0,0.0,0.0,0,0,0,0.0,0.0,0,0,10,0,1.0,3.0,10,0,0,0.0,0.0,0,0,0,0.0,0.0,0,0,0,0.0,0.0,0,0,6,2,3.4,1.2806248474865698,34,2,0,0.7,0.7810249675906654,7,0,2,0,0.9,0.7,9,1,0,0.1,0.30000000000000004,1,0,3,0,1.2,1.16619037896906,12,1,0,0.3,0.45825756949558405,3,0,4,0,1.3,1.6155494421403513,13,2,0,0.3,0.6403124237432849,3,0,0,0,0.0,0.0,0,0,0,0.0,0.0,0,0,0,0,0,0.0,0.0,0,0,0,0.0,0.0,0,0,0,0,0.0,0.0,0,0,0,0.0,0.0,0,1,0,0.1,0.30000000000000004,1,4,0,1.4,1.42828568570857,14,0,0,0.0,0.0,0,0,10,0,0,0,0,10,1.0,15,5,10.5,3.5,105,0,0,0.0,0.0,0,0,0,0,0,0,0.0,0.0,0.0,0.0,0,0.0,0.0,0.0,0.0,0,0.0,0.0,0.0,0.0,0,0,0,0.0,0.0,0,0,0,0.0,0.0,0,0.0,0.0,0.0,0.0,0,0.0,0.0,0.0,0.0,0
1492860585925,2642,2,1,7,1.0,0.0,0.8,0.4000000000000001,8.0,0,1,0,0.2,0.4000000000000001,2,1,0,0.2,0.4000000000000001,2,0,0,0,0.0,0.0,0,1,0,0.1,0.30000000000000004,1,0,1,0,0.1,0.30000000000000004,1,0,0,0.0,0.0,0,0,1,0,0.1,0.30000000000000004,1,1,0,0.1,0.30000000000000004,1,0,0,0,0.0,0.0,0,0,0,0.0,0.0,0,0,0,6,0,0.9,1.8138357147217055,9,4,0,0.4,1.2000000000000002,4,0,0,0,0.0,0.0,0,0,0,0.0,0.0,0,0,0,0.0,0.0,0,0,0,0.0,0.0,0,0,8,1,3.7,2.0518284528683193,37,2,0,0.6,0.8,6,0,4,0,1.8,1.32664991614216,18,1,0,0.1,0.30000000000000004,1,0,2,0,0.7,0.6403124237432848,7,1,0,0.1,0.30000000000000004,1,0,5,0,1.2,1.5999999999999999,12,1,0,0.2,0.4000000000000001,2,0,0,0,0.0,0.0,0,2,0,0.2,0.6000000000000001,2,0,0,1,0,0.1,0.30000000000000004,1,0,0,0.0,0.0,0,0,0,0,0.0,0.0,0,0,0,0.0,0.0,0,0,0,0.0,0.0,0,5,0,2.7,1.6155494421403511,27,0,0,0.0,0.0,0,0,6,1,1,2,0,10,0.6,10,5,6.666666666666667,2.357022603955158,40,0,0,0.0,0.0,0,0,0,0,0,0,0.0,0.0,0.0,0.0,0,0.0,0.0,0.0,0.0,0,0.0,0.0,0.0,0.0,0,0,0,0.0,0.0,0,0,0,0.0,0.0,0,0.0,0.0,0.0,0.0,0,0.0,0.0,0.0,0.0,0
1492860591304,2655,3,5,2,1.0,0.0,0.8,0.4,8.0,0,1,0,0.5,0.5,5,1,0,0.2,0.4000000000000001,2,0,1,0,0.1,0.30000000000000004,1,0,0,0.0,0.0,0,0,1,0,0.3,0.45825756949558394,3,0,0,0.0,0.0,0,0,1,0,0.1,0.30000000000000004,1,1,0,0.2,0.4000000000000001,2,0,0,0,0.0,0.0,0,0,0,0.0,0.0,0,0,0,2,0,0.2,0.6000000000000001,2,0,0,0.0,0.0,0,0,5,0,0.5,1.5,5,0,0,0.0,0.0,0,0,0,0.0,0.0,0,0,0,0.0,0.0,0,0,3,0,1.8,1.16619037896906,18,1,0,0.2,0.4,2,0,3,0,0.6,1.0198039027185568,6,0,0,0.0,0.0,0,0,2,0,0.6,0.66332495807108,6,0,0,0.0,0.0,0,0,2,0,0.6,0.8,6,1,0,0.1,0.30000000000000004,1,0,0,0,0.0,0.0,0,1,0,0.1,0.30000000000000004,1,0,0,0,0,0.0,0.0,0,0,0,0.0,0.0,0,0,0,0,0.0,0.0,0,0,0,0.0,0.0,0,1,0,0.2,0.4000000000000001,2,4,0,0.4,1.2000000000000002,4,0,0,0.0,0.0,0,0,8,0,1,1,0,10,0.8,10,5,8.75,2.165063509461097,70,0,0,0.0,0.0,0,0,0,0,0,0,1.0,0.0,0.1,0.30000000000000004,1.0,0.0,0.0,0.0,0.0,0,0.0,0.0,0.0,0.0,0,0,0,0.0,0.0,0,0,0,0.0,0.0,0,0.0,0.0,0.0,0.0,0,0.0,0.0,0.0,0.0,0
1492860596168,2881,3,1,6,1.0,0.0,0.6,0.48989794855663565,6.0,0,1,0,0.1,0.30000000000000004,1,0,0,0.0,0.0,0,0,0,0,0.0,0.0,0,0,0,0.0,0.0,0,0,1,0,0.1,0.30000000000000004,1,0,0,0.0,0.0,0,0,0,0,0.0,0.0,0,0,0,0.0,0.0,0,0,0,0,0.0,0.0,0,0,0,0.0,0.0,0,0,0,0,0,0.0,0.0,0,0,0,0.0,0.0,0,0,0,0,0.0,0.0,0,0,0,0.0,0.0,0,0,0,0.0,0.0,0,0,0,0.0,0.0,0,0,4,1,3.0,0.8944271909999159,30,4,0,0.5,1.2041594578792296,5,0,4,0,1.2,1.3266499161421599,12,0,0,0.0,0.0,0,0,2,0,0.4,0.66332495807108,4,0,0,0.0,0.0,0,0,4,0,1.4,1.4966629547095764,14,0,0,0.0,0.0,0,0,0,0,0.0,0.0,0,4,0,0.5,1.2041594578792296,5,0,0,0,0,0.0,0.0,0,0,0,0.0,0.0,0,0,0,0,0.0,0.0,0,0,0,0.0,0.0,0,0,0,0.0,0.0,0,1,0,0.1,0.30000000000000004,1,0,0,0.0,0.0,0,0,7,1,2,0,0,10,0.7,10,5,7.142857142857143,2.4743582965269675,50,0,0,0.0,0.0,0,0,0,0,0,0,0.0,0.0,0.0,0.0,0,0.0,0.0,0.0,0.0,0,0.0,0.0,0.0,0.0,0,1,0,0.1,0.30000000000000004,1,0,0,0.0,0.0,0,0.0,0.0,0.0,0.0,0,0.0,0.0,0.0,0.0,0
1492860602493,2905,2,5,3,1.0,0.0,0.8,0.4,8.0,0,1,0,0.2,0.4000000000000001,2,1,0,0.2,0.4,2,0,0,0,0.0,0.0,0,0,0,0.0,0.0,0,0,1,0,0.2,0.4000000000000001,2,1,0,0.1,0.30000000000000004,1,0,0,0,0.0,0.0,0,1,0,0.1,0.30000000000000004,1,0,0,0,0.0,0.0,0,0,0,0.0,0.0,0,0,0,0,0,0.0,0.0,0,0,0,0.0,0.0,0,0,0,0,0.0,0.0,0,0,0,0.0,0.0,0,0,0,0.0,0.0,0,0,0,0.0,0.0,0,0,3,0,1.3,1.0049875621120892,13,0,0,0.0,0.0,0,0,3,0,0.5,1.02469507659596,5,0,0,0.0,0.0,0,0,0,0,0.0,0.0,0,0,0,0.0,0.0,0,0,2,0,0.8,0.8717797887081347,8,0,0,0.0,0.0,0,0,0,0,0.0,0.0,0,0,0,0.0,0.0,0,0,0,0,0,0.0,0.0,0,0,0,0.0,0.0,0,0,0,0,0.0,0.0,0,0,0,0.0,0.0,0,1,0,0.1,0.30000000000000004,1,1,0,0.1,0.30000000000000004,1,0,0,0.0,0.0,0,0,1,1,5,3,0,10,0.1,5,5,5.0,0.0,5,0,0,0.0,0.0,0,0,0,0,0,0,0.0,0.0,0.0,0.0,0,1.0,0.0,0.2,0.4000000000000001,2.0,0.0,0.0,0.0,0.0,0,1,0,0.1,0.30000000000000004,1,3,0,0.3,0.9000000000000001,3,0.0,0.0,0.0,0.0,0,0.0,0.0,0.0,0.0,0
1492860607658,2928,3,5,2,1.0,0.0,0.7,0.45825756949558405,7.0,0,1,0,0.2,0.4000000000000001,2,1,0,0.3,0.45825756949558394,3,0,0,0,0.0,0.0,0,1,0,0.1,0.30000000000000004,1,0,1,0,0.2,0.4000000000000001,2,1,0,0.2,0.4,2,0,0,0,0.0,0.0,0,0,0,0.0,0.0,0,0,0,0,0.0,0.0,0,0,0,0.0,0.0,0,0,0,0,0,0.0,0.0,0,0,0,0.0,0.0,0,0,0,0,0.0,0.0,0,0,0,0.0,0.0,0,0,0,0.0,0.0,0,0,0,0.0,0.0,0,0,4,1,2.7,1.1,27,1,0,0.1,0.30000000000000004,1,0,3,0,0.6,1.0198039027185568,6,1,0,0.1,0.30000000000000004,1,0,2,0,0.5,0.6708203932499369,5,0,0,0.0,0.0,0,0,4,0,1.6,1.2806248474865698,16,0,0,0.0,0.0,0,0,0,0,0.0,0.0,0,0,0,0.0,0.0,0,0,0,0,0,0.0,0.0,0,0,0,0.0,0.0,0,0,0,0,0.0,0.0,0,0,0,0.0,0.0,0,0,0,0.0,0.0,0,1,0,0.1,0.30000000000000004,1,0,0,0.0,0.0,0,0,9,0,1,0,0,10,0.9,10,5,6.666666666666667,2.357022603955158,60,0,0,0.0,0.0,0,0,0,0,0,0,0.0,0.0,0.0,0.0,0,0.0,0.0,0.0,0.0,0,0.0,0.0,0.0,0.0,0,0,0,0.0,0.0,0,1,0,0.1,0.30000000000000004,1,0.0,0.0,0.0,0.0,0,0.0,0.0,0.0,0.0,0
1492860613263,3140,3,5,2,1.0,0.0,0.4,0.48989794855663565,4.0,0,1,0,0.4,0.48989794855663565,4,1,0,0.1,0.30000000000000004,1,0,0,0,0.0,0.0,0,0,0,0.0,0.0,0,0,1,0,0.4,0.48989794855663565,4,0,0,0.0,0.0,0,0,0,0,0.0,0.0,0,1,0,0.1,0.30000000000000004,1,0,0,0,0.0,0.0,0,0,0,0.0,0.0,0,0,0,2,0,0.2,0.6000000000000001,2,10,0,2.8,4.308131845707604,28,0,0,0,0.0,0.0,0,0,0,0.0,0.0,0,0,0,0.0,0.0,0,0,0,0.0,0.0,0,0,4,2,2.9,0.7000000000000001,29,1,0,0.3,0.45825756949558405,3,0,4,0,1.0,1.4142135623730951,10,0,0,0.0,0.0,0,0,3,0,0.7,1.004987562112089,7,1,0,0.1,0.30000000000000004,1,0,3,0,1.2,0.9797958971132712,12,1,0,0.1,0.30000000000000004,1,0,0,0,0.0,0.0,0,1,0,0.1,0.30000000000000004,1,0,0,5,0,0.5,1.5,5,5,0,0.5,1.5,5,0,0,0,0.0,0.0,0,0,0,0.0,0.0,0,1,0,0.1,0.30000000000000004,1,0,0,0.0,0.0,0,0,0,0.0,0.0,0,0,7,0,1,2,0,10,0.7,10,5,6.428571428571429,2.2587697572631282,45,0,0,0.0,0.0,0,0,0,0,0,0,0.0,0.0,0.0,0.0,0,1.0,0.0,0.1,0.30000000000000004,1.0,0.0,0.0,0.0,0.0,0,0,0,0.0,0.0,0,0,0,0.0,0.0,0,0.0,0.0,0.0,0.0,0,0.0,0.0,0.0,0.0,0
1492860618613,3158,4,2,4,1.0,0.0,0.9,0.3,9.0,0,1,0,0.3,0.45825756949558405,3,1,0,0.2,0.4,2,0,1,0,0.1,0.30000000000000004,1,0,0,0.0,0.0,0,0,0,0,0.0,0.0,0,0,0,0.0,0.0,0,0,1,0,0.2,0.4000000000000001,2,1,0,0.2,0.4,2,0,0,0,0.0,0.0,0,0,0,0.0,0.0,0,0,0,0,0,0.0,0.0,0,0,0,0.0,0.0,0,0,0,0,0.0,0.0,0,0,0,0.0,0.0,0,0,0,0.0,0.0,0,0,0,0.0,0.0,0,0,4,1,3.1,0.9433981132056604,31,0,0,0.0,0.0,0,0,3,0,0.8,1.2489995996796799,8,0,0,0.0,0.0,0,0,3,0,0.8,1.1661903789690604,8,0,0,0.0,0.0,0,0,4,0,1.5,1.2041594578792296,15,0,0,0.0,0.0,0,0,0,0,0.0,0.0,0,0,0,0.0,0.0,0,0,0,0,0,0.0,0.0,0,0,0,0.0,0.0,0,0,0,0,0.0,0.0,0,0,0,0.0,0.0,0,0,0,0.0,0.0,0,4,0,1.5,1.5,15,0,0,0.0,0.0,0,0,8,0,0,2,0,10,0.8,10,5,6.25,2.165063509461097,50,0,0,0.0,0.0,0,0,0,0,0,0,0.0,0.0,0.0,0.0,0,1.0,0.0,0.1,0.30000000000000004,1.0,0.0,0.0,0.0,0.0,0,0,0,0.0,0.0,0,0,0,0.0,0.0,0,0.0,0.0,0.0,0.0,0,0.0,0.0,0.0,0.0,0
1492860623458,3229,1,9,0,1.0,0.0,0.9,0.30000000000000004,9.0,0,5,0,0.9,1.445683229480096,9,1,0,0.1,0.30000000000000004,1,0,0,0,0.0,0.0,0,0,0,0.0,0.0,0,0,1,0,0.4,0.48989794855663565,4,1,0,0.1,0.30000000000000004,1,0,5,0,0.5,1.5,5,0,0,0.0,0.0,0,0,0,0,0.0,0.0,0,0,0,0.0,0.0,0,0,0,0,0,0.0,0.0,0,0,0,0.0,0.0,0,0,0,0,0.0,0.0,0,0,0,0.0,0.0,0,0,0,0.0,0.0,0,0,0,0.0,0.0,0,0,3,0,2.6,0.9165151389911681,26,1,0,0.1,0.30000000000000004,1,0,3,0,0.8,0.9797958971132713,8,0,0,0.0,0.0,0,0,3,0,0.7,1.004987562112089,7,1,0,0.1,0.30000000000000004,1,0,3,0,1.1,1.2206555615733703,11,0,0,0.0,0.0,0,0,0,0,0.0,0.0,0,0,0,0.0,0.0,0,0,0,0,0,0.0,0.0,0,0,0,0.0,0.0,0,0,0,0,0.0,0.0,0,0,0,0.0,0.0,0,1,0,0.1,0.30000000000000004,1,0,0,0.0,0.0,0,0,0,0.0,0.0,0,0,8,0,0,1,1,10,0.8,15,5,8.125,3.4798527267687636,65,0,0,0.0,0.0,0,0,0,0,0,0,0.0,0.0,0.0,0.0,0,0.0,0.0,0.0,0.0,0,0.0,0.0,0.0,0.0,0,0,0,0.0,0.0,0,0,0,0.0,0.0,0,0.0,0.0,0.0,0.0,0,0.0,0.0,0.0,0.0,0
1492860632263,3316,3,4,3,1.0,0.0,0.7,0.45825756949558405,7.0,0,1,0,0.4,0.48989794855663565,4,0,0,0.0,0.0,0,0,0,0,0.0,0.0,0,0,0,0.0,0.0,0,0,1,0,0.2,0.4000000000000001,2,0,0,0.0,0.0,0,0,1,0,0.2,0.4000000000000001,2,0,0,0.0,0.0,0,0,0,0,0.0,0.0,0,0,0,0.0,0.0,0,0,0,5,0,0.5,1.5,5,0,0,0.0,0.0,0,0,0,0,0.0,0.0,0,0,0,0.0,0.0,0,0,0,0.0,0.0,0,0,0,0.0,0.0,0,0,5,1,2.8,1.0770329614269007,28,1,0,0.2,0.4000000000000001,2,0,3,0,0.9,1.1357816691600549,9,0,0,0.0,0.0,0,0,2,0,0.7,0.7810249675906654,7,0,0,0.0,0.0,0,0,3,0,1.2,0.9797958971132712,12,1,0,0.2,0.4000000000000001,2,0,0,0,0.0,0.0,0,0,0,0.0,0.0,0,0,0,0,0,0.0,0.0,0,0,0,0.0,0.0,0,0,0,0,0.0,0.0,0,0,0,0.0,0.0,0,0,0,0.0,0.0,0,0,0,0.0,0.0,0,0,0,0.0,0.0,0,0,8,0,1,1,0,10,0.8,15,5,8.125,4.284784125250653,65,0,0,0.0,0.0,0,0,0,0,0,0,0.0,0.0,0.0,0.0,0,0.0,0.0,0.0,0.0,0,0.0,0.0,0.0,0.0,0,0,0,0.0,0.0,0,0,0,0.0,0.0,0,0.0,0.0,0.0,0.0,0,0.0,0.0,0.0,0.0,0
1492860637689,3402,1,7,2,1.0,0.0,0.3,0.45825756949558405,3.0,0,1,0,0.8,0.4,8,0,0,0.0,0.0,0,0,1,0,0.1,0.30000000000000004,1,0,0,0.0,0.0,0,0,1,0,0.6,0.48989794855663565,6,0,0,0.0,0.0,0,0,1,0,0.1,0.30000000000000004,1,0,0,0.0,0.0,0,0,0,0,0.0,0.0,0,0,0,0.0,0.0,0,0,0,0,0,0.0,0.0,0,0,0,0.0,0.0,0,0,0,0,0.0,0.0,0,0,0,0.0,0.0,0,0,0,0.0,0.0,0,0,0,0.0,0.0,0,0,4,0,2.4,1.1135528725660044,24,2,0,0.5,0.806225774829855,5,0,4,0,0.7,1.1874342087037917,7,1,0,0.1,0.30000000000000004,1,0,3,0,0.8,0.9797958971132712,8,2,0,0.3,0.6403124237432849,3,0,3,0,0.9,0.9433981132056604,9,1,0,0.1,0.30000000000000004,1,0,0,0,0.0,0.0,0,0,0,0.0,0.0,0,0,0,0,0,0.0,0.0,0,0,0,0.0,0.0,0,0,0,0,0.0,0.0,0,0,0,0.0,0.0,0,0,0,0.0,0.0,0,0,0,0.0,0.0,0,0,0,0.0,0.0,0,0,9,0,1,0,0,10,0.9,15,5,10.555555555555555,4.969039949999533,95,0,0,0.0,0.0,0,0,0,0,0,0,0.0,0.0,0.0,0.0,0,0.0,0.0,0.0,0.0,0,0.0,0.0,0.0,0.0,0,0,0,0.0,0.0,0,0,0,0.0,0.0,0,0.0,0.0,0.0,0.0,0,0.0,0.0,0.0,0.0,0
1492860648413,3653,2,7,1,1.0,0.0,0.9,0.30000000000000004,9.0,0,1,0,0.3,0.45825756949558394,3,1,0,0.2,0.4000000000000001,2,0,0,0,0.0,0.0,0,0,0,0.0,0.0,0,0,1,0,0.1,0.30000000000000004,1,1,0,0.1,0.30000000000000004,1,0,1,0,0.2,0.4000000000000001,2,1,0,0.1,0.30000000000000004,1,0,0,0,0.0,0.0,0,0,0,0.0,0.0,0,0,0,0,0,0.0,0.0,0,0,0,0.0,0.0,0,0,0,0,0.0,0.0,0,0,0,0.0,0.0,0,0,0,0.0,0.0,0,0,0,0.0,0.0,0,0,4,1,2.3,0.9,23,1,0,0.1,0.30000000000000004,1,0,3,0,0.8,0.9797958971132713,8,0,0,0.0,0.0,0,0,2,0,0.7,0.7810249675906654,7,0,0,0.0,0.0,0,0,3,0,0.8,0.9797958971132713,8,0,0,0.0,0.0,0,0,0,0,0.0,0.0,0,1,0,0.1,0.30000000000000004,1,0,0,0,0,0.0,0.0,0,0,0,0.0,0.0,0,0,0,0,0.0,0.0,0,0,0,0.0,0.0,0,1,0,0.1,0.30000000000000004,1,0,0,0.0,0.0,0,0,0,0.0,0.0,0,0,6,0,1,3,0,10,0.6,10,5,6.666666666666667,2.357022603955158,40,0,0,0.0,0.0,0,0,0,0,0,0,0.0,0.0,0.0,0.0,0,0.0,0.0,0.0,0.0,0,0.0,0.0,0.0,0.0,0,0,0,0.0,0.0,0,0,0,0.0,0.0,0,0.0,0.0,0.0,0.0,0,0.0,0.0,0.0,0.0,0
1492860653347,3824,2,8,0,1.0,0.0,0.4,0.48989794855663565,4.0,0,2,0,0.9,0.5385164807134504,9,1,0,0.1,0.30000000000000004,1,0,0,0,0.0,0.0,0,0,0,0.0,0.0,0,0,1,0,0.6,0.4898979485566356,6,0,0,0.0,0.0,0,0,1,0,0.3,0.45825756949558405,3,1,0,0.1,0.30000000000000004,1,0,0,0,0.0,0.0,0,0,0,0.0,0.0,0,0,0,0,0,0.0,0.0,0,0,0,0.0,0.0,0,0,0,0,0.0,0.0,0,0,0,0.0,0.0,0,0,0,0.0,0.0,0,0,0,0.0,0.0,0,0,5,1,3.1,1.1357816691600546,31,0,0,0.0,0.0,0,0,3,0,0.8,1.1661903789690602,8,0,0,0.0,0.0,0,0,4,0,1.5,1.3601470508735443,15,0,0,0.0,0.0,0,0,4,0,0.8,1.4000000000000001,8,0,0,0.0,0.0,0,0,0,0,0.0,0.0,0,0,0,0.0,0.0,0,0,0,5,0,0.5,1.5,5,1,0,0.1,0.30000000000000004,1,0,0,0,0.0,0.0,0,0,0,0.0,0.0,0,1,0,0.1,0.30000000000000004,1,5,0,2.8,1.9390719429665317,28,0,0,0.0,0.0,0,0,8,0,0,2,0,10,0.8,10,5,5.625,1.653594569415369,45,0,0,0.0,0.0,0,0,0,0,0,0,0.0,0.0,0.0,0.0,0,1.0,0.0,0.1,0.30000000000000004,1.0,0.0,0.0,0.0,0.0,0,0,0,0.0,0.0,0,1,0,0.1,0.30000000000000004,1,0.0,0.0,0.0,0.0,0,0.0,0.0,0.0,0.0,0
1492860658211,3826,3,5,2,1.0,0.0,0.6,0.48989794855663565,6.0,0,1,0,0.6,0.48989794855663565,6,0,0,0.0,0.0,0,0,0,0,0.0,0.0,0,0,0,0.0,0.0,0,0,1,0,0.4,0.48989794855663565,4,0,0,0.0,0.0,0,0,1,0,0.2,0.4000000000000001,2,0,0,0.0,0.0,0,0,0,0,0.0,0.0,0,0,0,0.0,0.0,0,0,0,7,0,1.3,2.41039415863879,13,3,0,0.6,1.2,6,0,0,0,0.0,0.0,0,0,0,0.0,0.0,0,1,0,0.1,0.30000000000000004,1,0,0,0.0,0.0,0,0,4,0,2.6,1.2,26,0,0,0.0,0.0,0,0,3,0,1.3,1.268857754044952,13,0,0,0.0,0.0,0,0,1,0,0.4,0.48989794855663565,4,0,0,0.0,0.0,0,0,4,0,0.9,1.1357816691600546,9,0,0,0.0,0.0,0,0,0,0,0.0,0.0,0,0,0,0.0,0.0,0,0,0,4,0,0.5,1.2041594578792296,5,4,0,0.6,1.2806248474865698,6,0,0,0,0.0,0.0,0,0,0,0.0,0.0,0,1,0,0.1,0.30000000000000004,1,0,0,0.0,0.0,0,0,0,0.0,0.0,0,0,6,0,3,1,0,10,0.6,10,10,10.0,0.0,60,0,0,0.0,0.0,0,0,0,0,0,0,0.0,0.0,0.0,0.0,0,0.0,0.0,0.0,0.0,0,0.0,0.0,0.0,0.0,0,0,0,0.0,0.0,0,1,0,0.2,0.4,2,0.0,0.0,0.0,0.0,0,0.0,0.0,0.0,0.0,0
1492860663340,3834,3,1,6,1.0,0.0,0.7,0.45825756949558405,7.0,0,1,0,0.1,0.30000000000000004,1,0,0,0.0,0.0,0,0,1,0,0.1,0.30000000000000004,1,0,0,0.0,0.0,0,0,0,0,0.0,0.0,0,0,0,0.0,0.0,0,0,0,0,0.0,0.0,0,0,0,0.0,0.0,0,0,0,0,0.0,0.0,0,0,0,0.0,0.0,0,0,0,0,0,0.0,0.0,0,0,0,0.0,0.0,0,0,0,0,0.0,0.0,0,0,0,0.0,0.0,0,0,0,0.0,0.0,0,0,0,0.0,0.0,0,0,1,0,0.7,0.45825756949558405,7,1,0,0.1,0.30000000000000004,1,0,1,0,0.4,0.48989794855663565,4,1,0,0.1,0.30000000000000004,1,0,1,0,0.1,0.30000000000000004,1,0,0,0.0,0.0,0,0,1,0,0.2,0.4000000000000001,2,0,0,0.0,0.0,0,0,0,0,0.0,0.0,0,0,0,0.0,0.0,0,0,0,0,0,0.0,0.0,0,0,0,0.0,0.0,0,0,0,0,0.0,0.0,0,0,0,0.0,0.0,0,1,0,0.1,0.30000000000000004,1,0,0,0.0,0.0,0,0,0,0.0,0.0,0,0,6,0,4,0,0,10,0.6,15,5,10.0,2.886751345948129,60,0,0,0.0,0.0,0,0,0,0,0,0,1.0,0.0,0.1,0.30000000000000004,1.0,1.0,0.0,0.1,0.30000000000000004,1.0,0.0,0.0,0.0,0.0,0,0,0,0.0,0.0,0,0,0,0.0,0.0,0,0.0,0.0,0.0,0.0,0,0.0,0.0,0.0,0.0,0
1492860669469,3991,5,0,5,1.0,0.0,0.8,0.4000000000000001,8.0,0,1,0,0.1,0.30000000000000004,1,0,0,0.0,0.0,0,0,0,0,0.0,0.0,0,0,0,0.0,0.0,0,0,0,0,0.0,0.0,0,0,0,0.0,0.0,0,0,1,0,0.1,0.30000000000000004,1,0,0,0.0,0.0,0,0,0,0,0.0,0.0,0,0,0,0.0,0.0,0,0,0,0,0,0.0,0.0,0,0,0,0.0,0.0,0,0,0,0,0.0,0.0,0,0,0,0.0,0.0,0,0,0,0.0,0.0,0,0,0,0.0,0.0,0,0,4,0,2.7,1.1874342087037917,27,1,0,0.1,0.30000000000000004,1,0,4,0,1.0,1.3416407864998738,10,1,0,0.1,0.30000000000000004,1,0,2,0,0.5,0.6708203932499369,5,0,0,0.0,0.0,0,0,3,0,1.2,1.2489995996796797,12,0,0,0.0,0.0,0,0,0,0,0.0,0.0,0,0,0,0.0,0.0,0,0,0,0,0,0.0,0.0,0,0,0,0.0,0.0,0,0,0,0,0.0,0.0,0,0,0,0.0,0.0,0,0,0,0.0,0.0,0,5,0,1.7,1.4866068747318506,17,0,0,0.0,0.0,0,0,3,0,6,1,0,10,0.3,15,10,11.666666666666666,2.357022603955158,35,0,0,0.0,0.0,0,0,0,0,0,0,0.0,0.0,0.0,0.0,0,1.0,0.0,0.1,0.30000000000000004,1.0,0.0,0.0,0.0,0.0,0,0,0,0.0,0.0,0,0,0,0.0,0.0,0,0.0,0.0,0.0,0.0,0,0.0,0.0,0.0,0.0,0
1492860674398,4060,2,1,7,1.0,0.0,0.9,0.3,9.0,0,1,0,0.1,0.30000000000000004,1,1,0,0.1,0.30000000000000004,1,0,0,0,0.0,0.0,0,1,0,0.1,0.30000000000000004,1,0,0,0,0.0,0.0,0,0,0,0.0,0.0,0,0,1,0,0.1,0.30000000000000004,1,0,0,0.0,0.0,0,0,0,0,0.0,0.0,0,0,0,0.0,0.0,0,0,0,0,0,0.0,0.0,0,0,0,0.0,0.0,0,0,0,0,0.0,0.0,0,0,0,0.0,0.0,0,0,0,0.0,0.0,0,0,0,0.0,0.0,0,0,4,0,1.7,1.1874342087037917,17,2,0,0.8,0.8717797887081348,8,0,3,0,0.9,1.044030650891055,9,2,0,0.4,0.66332495807108,4,0,1,0,0.1,0.30000000000000004,1,1,0,0.2,0.4000000000000001,2,0,2,0,0.7,0.9,7,1,0,0.2,0.4000000000000001,2,0,0,0,0.0,0.0,0,0,0,0.0,0.0,0,0,0,0,0,0.0,0.0,0,0,0,0.0,0.0,0,0,0,0,0.0,0.0,0,0,0,0.0,0.0,0,1,0,0.1,0.30000000000000004,1,0,0,0.0,0.0,0,0,0,0.0,0.0,0,0,6,0,2,2,0,10,0.6,10,5,7.5,2.5,45,0,0,0.0,0.0,0,0,0,0,0,0,1.0,0.0,0.1,0.30000000000000004,1.0,1.0,0.0,0.2,0.4000000000000001,2.0,0.0,0.0,0.0,0.0,0,1,0,0.1,0.30000000000000004,1,0,0,0.0,0.0,0,0.0,0.0,0.0,0.0,0,0.0,0.0,0.0,0.0,0
1492860687067,4191,3,2,5,1.0,0.0,0.6,0.48989794855663565,6.0,0,0,0,0.0,0.0,0,1,0,0.1,0.30000000000000004,1,0,0,0,0.0,0.0,0,1,0,0.1,0.30000000000000004,1,0,0,0,0.0,0.0,0,0,0,0.0,0.0,0,0,0,0,0.0,0.0,0,0,0,0.0,0.0,0,0,0,0,0.0,0.0,0,0,0,0.0,0.0,0,0,0,0,0,0.0,0.0,0,0,0,0.0,0.0,0,0,0,0,0.0,0.0,0,0,0,0.0,0.0,0,0,0,0.0,0.0,0,0,0,0.0,0.0,0,0,3,1,1.9,0.8306623862918074,19,0,0,0.0,0.0,0,0,2,0,0.9,0.8306623862918076,9,0,0,0.0,0.0,0,0,1,0,0.3,0.45825756949558394,3,0,0,0.0,0.0,0,0,2,0,0.7,0.7810249675906654,7,0,0,0.0,0.0,0,0,0,0,0.0,0.0,0,0,0,0.0,0.0,0,0,0,0,0,0.0,0.0,0,0,0,0.0,0.0,0,0,0,0,0.0,0.0,0,0,0,0.0,0.0,0,1,0,0.1,0.30000000000000004,1,0,0,0.0,0.0,0,0,0,0.0,0.0,0,0,5,1,2,2,0,10,0.5,20,5,10.0,6.324555320336759,50,0,0,0.0,0.0,0,0,0,0,0,0,0.0,0.0,0.0,0.0,0,1.0,0.0,0.1,0.30000000000000004,1.0,0.0,0.0,0.0,0.0,0,0,0,0.0,0.0,0,0,0,0.0,0.0,0,0.0,0.0,0.0,0.0,0,0.0,0.0,0.0,0.0,0
1492860693095,4219,6,0,4,1.0,0.0,0.7,0.45825756949558405,7.0,0,0,0,0.0,0.0,0,0,0,0.0,0.0,0,0,0,0,0.0,0.0,0,0,0,0.0,0.0,0,0,0,0,0.0,0.0,0,0,0,0.0,0.0,0,0,0,0,0.0,0.0,0,0,0,0.0,0.0,0,0,0,0,0.0,0.0,0,0,0,0.0,0.0,0,0,0,0,0,0.0,0.0,0,0,0,0.0,0.0,0,0,0,0,0.0,0.0,0,0,0,0.0,0.0,0,0,0,0.0,0.0,0,0,0,0.0,0.0,0,0,4,1,1.8,1.077032961426901,18,0,0,0.0,0.0,0,0,1,0,0.3,0.45825756949558405,3,0,0,0.0,0.0,0,0,2,0,0.5,0.806225774829855,5,0,0,0.0,0.0,0,0,3,0,1.0,0.7745966692414834,10,0,0,0.0,0.0,0,0,0,0,0.0,0.0,0,0,0,0.0,0.0,0,0,0,0,0,0.0,0.0,0,0,0,0.0,0.0,0,0,0,0,0.0,0.0,0,0,0,0.0,0.0,0,1,0,0.2,0.4000000000000001,2,3,0,0.5,0.9219544457292888,5,0,0,0.0,0.0,0,0,8,0,0,2,0,10,0.8,20,5,11.875,4.284784125250653,95,0,0,0.0,0.0,0,0,0,0,0,0,0.0,0.0,0.0,0.0,0,1.0,0.0,0.1,0.30000000000000004,1.0,0.0,0.0,0.0,0.0,0,0,0,0.0,0.0,0,0,0,0.0,0.0,0,1.0,0.0,0.1,0.30000000000000004,1.0,0.0,0.0,0.0,0.0,0
1492860697920,4265,4,2,4,1.0,0.0,0.7,0.45825756949558405,7.0,0,1,0,0.5,0.5,5,1,0,0.4,0.48989794855663565,4,0,1,0,0.3,0.45825756949558394,3,0,0,0.0,0.0,0,0,1,0,0.1,0.30000000000000004,1,1,0,0.1,0.30000000000000004,1,0,1,0,0.1,0.30000000000000004,1,1,0,0.3,0.45825756949558394,3,0,0,0,0.0,0.0,0,0,0,0.0,0.0,0,0,0,0,0,0.0,0.0,0,0,0,0.0,0.0,0,0,0,0,0.0,0.0,0,0,0,0.0,0.0,0,0,0,0.0,0.0,0,0,0,0.0,0.0,0,0,5,2,3.7,0.7810249675906654,37,1,0,0.2,0.4000000000000001,2,0,3,0,0.7,1.004987562112089,7,1,0,0.1,0.30000000000000004,1,0,4,0,1.2,1.3266499161421599,12,0,0,0.0,0.0,0,0,5,0,1.8,1.661324772583615,18,1,0,0.1,0.30000000000000004,1,0,0,0,0.0,0.0,0,0,0,0.0,0.0,0,0,0,1,0,0.1,0.30000000000000004,1,0,0,0.0,0.0,0,0,0,0,0.0,0.0,0,0,0,0.0,0.0,0,0,0,0.0,0.0,0,2,0,0.6,0.9165151389911679,6,0,0,0.0,0.0,0,0,8,0,0,1,1,10,0.8,10,5,7.5,2.5,60,0,0,0.0,0.0,0,0,0,0,0,0,0.0,0.0,0.0,0.0,0,0.0,0.0,0.0,0.0,0,0.0,0.0,0.0,0.0,0,1,0,0.1,0.30000000000000004,1,0,0,0.0,0.0,0,0.0,0.0,0.0,0.0,0,0.0,0.0,0.0,0.0,0
1492860702772,4276,2,4,4,1.0,0.0,0.4,0.48989794855663565,4.0,0,1,0,0.6,0.48989794855663565,6,1,0,0.2,0.4000000000000001,2,0,1,0,0.3,0.45825756949558405,3,0,0,0.0,0.0,0,0,1,0,0.2,0.4000000000000001,2,1,0,0.2,0.4000000000000001,2,0,1,0,0.1,0.30000000000000004,1,0,0,0.0,0.0,0,0,0,0,0.0,0.0,0,0,0,0.0,0.0,0,0,0,0,0,0.0,0.0,0,40,0,4.0,12.0,40,0,0,0,0.0,0.0,0,0,0,0.0,0.0,0,1,0,0.1,0.30000000000000004,1,0,0,0.0,0.0,0,0,5,2,3.3,0.9,33,2,0,0.3,0.6403124237432849,3,0,4,0,1.2,1.2489995996796794,12,1,0,0.1,0.30000000000000004,1,0,3,0,1.0,1.0,10,1,0,0.2,0.4000000000000001,2,0,4,0,1.1,1.2206555615733703,11,0,0,0.0,0.0,0,0,0,0,0.0,0.0,0,0,0,0.0,0.0,0,0,0,10,0,1.2,2.9933259094191533,12,15,0,1.5,4.5,15,0,0,0,0.0,0.0,0,0,0,0.0,0.0,0,0,0,0.0,0.0,0,5,0,1.8,1.9390719429665317,18,0,0,0.0,0.0,0,0,8,0,1,1,0,10,0.8,20,5,8.75,4.841229182759271,70,0,0,0.0,0.0,0,0,0,0,0,0,0.0,0.0,0.0,0.0,0,0.0,0.0,0.0,0.0,0,0.0,0.0,0.0,0.0,0,0,0,0.0,0.0,0,1,0,0.1,0.30000000000000004,1,0.0,0.0,0.0,0.0,0,0.0,0.0,0.0,0.0,0
1492860714285,4371,1,9,0,1.0,0.0,0.6,0.48989794855663565,6.0,0,1,0,0.5,0.5,5,0,0,0.0,0.0,0,0,0,0,0.0,0.0,0,0,0,0.0,0.0,0,0,1,0,0.5,0.5,5,0,0,0.0,0.0,0,0,0,0,0.0,0.0,0,0,0,0.0,0.0,0,0,0,0,0.0,0.0,0,0,0,0.0,0.0,0,0,0,0,0,0.0,0.0,0,0,0,0.0,0.0,0,0,0,0,0.0,0.0,0,0,0,0.0,0.0,0,0,0,0.0,0.0,0,0,0,0.0,0.0,0,0,4,1,2.5,1.02469507659596,25,0,0,0.0,0.0,0,0,2,0,0.4,0.66332495807108,4,0,0,0.0,0.0,0,0,2,0,0.6,0.6633249580710799,6,0,0,0.0,0.0,0,0,4,0,1.5,1.2041594578792296,15,0,0,0.0,0.0,0,0,0,0,0.0,0.0,0,0,0,0.0,0.0,0,0,0,10,0,1.0,3.0,10,0,0,0.0,0.0,0,0,0,0,0.0,0.0,0,0,0,0.0,0.0,0,1,0,0.1,0.30000000000000004,1,1,0,0.1,0.30000000000000004,1,0,0,0.0,0.0,0,0,4,0,6,0,0,10,0.4,30,5,11.25,10.825317547305483,45,0,0,0.0,0.0,0,0,0,0,0,0,0.0,0.0,0.0,0.0,0,0.0,0.0,0.0,0.0,0,0.0,0.0,0.0,0.0,0,0,0,0.0,0.0,0,1,0,0.1,0.30000000000000004,1,0.0,0.0,0.0,0.0,0,0.0,0.0,0.0,0.0,0
1492860725321,4561,0,2,8,1.0,0.0,0.8,0.4000000000000001,8.0,0,1,0,0.2,0.4000000000000001,2,0,0,0.0,0.0,0,0,0,0,0.0,0.0,0,0,0,0.0,0.0,0,0,1,0,0.2,0.4000000000000001,2,0,0,0.0,0.0,0,0,0,0,0.0,0.0,0,0,0,0.0,0.0,0,0,0,0,0.0,0.0,0,0,0,0.0,0.0,0,0,0,5,0,2.2,2.227105745132009,22,6,0,2.5,2.6172504656604803,25,0,0,0,0.0,0.0,0,0,0,0.0,0.0,0,0,0,0.0,0.0,0,0,0,0.0,0.0,0,0,5,2,3.3,0.9,33,1,0,0.1,0.30000000000000004,1,0,4,0,1.9,1.2206555615733703,19,0,0,0.0,0.0,0,0,3,0,0.8,0.8717797887081347,8,1,0,0.1,0.30000000000000004,1,0,3,0,0.6,1.0198039027185568,6,0,0,0.0,0.0,0,0,0,0,0.0,0.0,0,0,0,0.0,0.0,0,0,0,12,0,2.1,3.9102429592034307,21,22,0,3.7,6.783067152844648,37,0,0,0,0.0,0.0,0,0,0,0.0,0.0,0,1,0,0.1,0.30000000000000004,1,0,0,0.0,0.0,0,0,0,0.0,0.0,0,0,8,0,1,1,0,10,0.8,15,5,8.125,3.4798527267687636,65,0,0,0.0,0.0,0,0,0,0,0,0,0.0,0.0,0.0,0.0,0,0.0,0.0,0.0,0.0,0,0.0,0.0,0.0,0.0,0,0,0,0.0,0.0,0,0,0,0.0,0.0,0,0.0,0.0,0.0,0.0,0,0.0,0.0,0.0,0.0,0
1492860730189,4590,0,0,10,1.0,0.0,0.4,0.48989794855663565,4.0,0,1,0,0.1,0.30000000000000004,1,0,0,0.0,0.0,0,0,1,0,0.1,0.30000000000000004,1,0,0,0.0,0.0,0,0,0,0,0.0,0.0,0,0,0,0.0,0.0,0,0,0,0,0.0,0.0,0,0,0,0.0,0.0,0,0,0,0,0.0,0.0,0,0,0,0.0,0.0,0,0,0,22,0,15.7,6.341135544995075,157,15,0,5.4,5.902541825349482,54,0,0,0,0.0,0.0,0,0,0,0.0,0.0,0,1,0,0.6,0.4898979485566357,6,0,0,0.0,0.0,0,0,3,0,1.5,1.02469507659596,15,1,0,0.1,0.30000000000000004,1,0,1,0,0.2,0.4000000000000001,2,0,0,0.0,0.0,0,0,1,0,0.3,0.45825756949558394,3,0,0,0.0,0.0,0,0,3,0,1.0,1.0,10,1,0,0.1,0.30000000000000004,1,0,0,0,0.0,0.0,0,0,0,0.0,0.0,0,0,0,34,0,11.0,12.505998560690786,110,36,0,5.7,10.658799181896619,57,0,0,0,0.0,0.0,0,0,0,0.0,0.0,0,2,0,0.6,0.8,6,0,0,0.0,0.0,0,0,0,0.0,0.0,0,0,9,0,0,1,0,10,0.9,20,5,10.555555555555555,4.374448818895451,95,0,0,0.0,0.0,0,0,0,0,0,0,0.0,0.0,0.0,0.0,0,0.0,0.0,0.0,0.0,0,0.0,0.0,0.0,0.0,0,0,0,0.0,0.0,0,0,0,0.0,0.0,0,0.0,0.0,0.0,0.0,0,0.0,0.0,0.0,0.0,0
1492860736407,4592,5,4,1,1.0,0.0,0.7,0.45825756949558405,7.0,0,1,0,0.7,0.45825756949558405,7,1,0,0.1,0.30000000000000004,1,0,0,0,0.0,0.0,0,0,0,0.0,0.0,0,0,1,0,0.2,0.4000000000000001,2,1,0,0.1,0.30000000000000004,1,0,1,0,0.5,0.5,5,0,0,0.0,0.0,0,0,0,0,0.0,0.0,0,0,0,0.0,0.0,0,0,0,0,0,0.0,0.0,0,0,0,0.0,0.0,0,0,0,0,0.0,0.0,0,0,0,0.0,0.0,0,0,0,0.0,0.0,0,0,0,0.0,0.0,0,0,4,2,3.0,0.6324555320336759,30,1,0,0.1,0.30000000000000004,1,0,2,0,0.3,0.6403124237432848,3,0,0,0.0,0.0,0,0,3,0,1.6,0.9165151389911681,16,0,0,0.0,0.0,0,0,3,0,1.1,0.9433981132056604,11,1,0,0.1,0.30000000000000004,1,0,0,0,0.0,0.0,0,0,0,0.0,0.0,0,0,0,0,0,0.0,0.0,0,0,0,0.0,0.0,0,0,0,0,0.0,0.0,0,0,0,0.0,0.0,0,0,0,0.0,0.0,0,4,0,1.7,1.6155494421403511,17,0,0,0.0,0.0,0,0,8,0,0,2,0,10,0.8,10,5,6.25,2.165063509461097,50,0,0,0.0,0.0,0,0,0,0,0,0,0.0,0.0,0.0,0.0,0,0.0,0.0,0.0,0.0,0,0.0,0.0,0.0,0.0,0,0,0,0.0,0.0,0,0,0,0.0,0.0,0,0.0,0.0,0.0,0.0,0,0.0,0.0,0.0,0.0,0
1492860741519,4723,3,1,6,1.0,0.0,0.7,0.45825756949558394,7.0,0,1,0,0.2,0.4000000000000001,2,1,0,0.1,0.30000000000000004,1,0,1,0,0.1,0.30000000000000004,1,0,0,0.0,0.0,0,0,1,0,0.1,0.30000000000000004,1,1,0,0.1,0.30000000000000004,1,0,0,0,0.0,0.0,0,0,0,0.0,0.0,0,0,0,0,0.0,0.0,0,0,0,0.0,0.0,0,0,0,0,0,0.0,0.0,0,0,0,0.0,0.0,0,0,0,0,0.0,0.0,0,0,0,0.0,0.0,0,0,0,0.0,0.0,0,0,0,0.0,0.0,0,0,4,0,1.5,1.2041594578792296,15,1,0,0.2,0.4000000000000001,2,0,4,0,1.0,1.2649110640673518,10,1,0,0.1,0.30000000000000004,1,0,0,0,0.0,0.0,0,0,0,0.0,0.0,0,0,2,0,0.5,0.6708203932499369,5,1,0,0.1,0.30000000000000004,1,0,0,0,0.0,0.0,0,0,0,0.0,0.0,0,0,0,0,0,0.0,0.0,0,0,0,0.0,0.0,0,0,0,0,0.0,0.0,0,0,0,0.0,0.0,0,0,0,0.0,0.0,0,0,0,0.0,0.0,0,0,0,0.0,0.0,0,0,4,0,3,3,0,10,0.4,10,5,8.75,2.165063509461097,35,0,0,0.0,0.0,0,0,0,0,0,0,0.0,0.0,0.0,0.0,0,1.0,0.0,0.4,0.4898979485566356,4.0,1.0,0.0,0.1,0.30000000000000004,1.0,0,0,0.0,0.0,0,3,0,0.4,0.9165151389911681,4,0.0,0.0,0.0,0.0,0,0.0,0.0,0.0,0.0,0
1492860751253,5026,4,1,5,1.0,0.0,0.6,0.4898979485566357,6.0,0,3,0,0.8,0.9797958971132714,8,0,0,0.0,0.0,0,0,1,0,0.2,0.4000000000000001,2,0,0,0.0,0.0,0,0,0,0,0.0,0.0,0,0,0,0.0,0.0,0,0,3,0,0.6,1.0198039027185568,6,0,0,0.0,0.0,0,0,0,0,0.0,0.0,0,0,0,0.0,0.0,0,0,0,0,0,0.0,0.0,0,0,0,0.0,0.0,0,0,0,0,0.0,0.0,0,0,0,0.0,0.0,0,0,0,0.0,0.0,0,0,0,0.0,0.0,0,0,4,0,2.4,1.3564659966250536,24,1,0,0.1,0.30000000000000004,1,0,3,0,1.3,1.2688577540449522,13,1,0,0.1,0.30000000000000004,1,0,3,0,0.8,0.9797958971132713,8,0,0,0.0,0.0,0,0,1,0,0.3,0.45825756949558405,3,0,0,0.0,0.0,0,0,0,0,0.0,0.0,0,0,0,0.0,0.0,0,0,0,0,0,0.0,0.0,0,0,0,0.0,0.0,0,0,0,0,0.0,0.0,0,0,0,0.0,0.0,0,0,0,0.0,0.0,0,1,0,0.1,0.30000000000000004,1,0,0,0.0,0.0,0,0,9,0,1,0,0,10,0.9,15,5,8.333333333333334,3.3333333333333326,75,0,0,0.0,0.0,0,0,0,0,0,0,0.0,0.0,0.0,0.0,0,0.0,0.0,0.0,0.0,0,0.0,0.0,0.0,0.0,0,0,0,0.0,0.0,0,0,0,0.0,0.0,0,0.0,0.0,0.0,0.0,0,0.0,0.0,0.0,0.0,0
1492860757154,5472,3,0,7,1.0,0.0,0.7,0.45825756949558405,7.0,0,1,0,0.2,0.4000000000000001,2,0,0,0.0,0.0,0,0,1,0,0.1,0.30000000000000004,1,0,0,0.0,0.0,0,0,0,0,0.0,0.0,0,0,0,0.0,0.0,0,0,1,0,0.1,0.30000000000000004,1,0,0,0.0,0.0,0,0,0,0,0.0,0.0,0,0,0,0.0,0.0,0,0,0,0,0,0.0,0.0,0,10,0,2.0,3.5777087639996634,20,0,0,0,0.0,0.0,0,0,0,0.0,0.0,0,0,0,0.0,0.0,0,0,0,0.0,0.0,0,0,4,1,2.6,0.9165151389911681,26,0,0,0.0,0.0,0,0,3,0,1.3,0.9,13,0,0,0.0,0.0,0,0,1,0,0.3,0.45825756949558405,3,0,0,0.0,0.0,0,0,3,0,1.0,1.0954451150103321,10,0,0,0.0,0.0,0,0,0,0,0.0,0.0,0,0,0,0.0,0.0,0,0,0,6,0,0.8,1.8330302779823362,8,10,0,1.3,3.034798181098703,13,0,0,0,0.0,0.0,0,0,0,0.0,0.0,0,0,0,0.0,0.0,0,0,0,0.0,0.0,0,0,0,0.0,0.0,0,0,8,0,1,1,0,10,0.8,30,5,13.75,7.39509972887452,110,0,0,0.0,0.0,0,0,0,0,0,0,0.0,0.0,0.0,0.0,0,1.0,0.0,0.1,0.30000000000000004,1.0,0.0,0.0,0.0,0.0,0,0,0,0.0,0.0,0,1,0,0.1,0.30000000000000004,1,0.0,0.0,0.0,0.0,0,0.0,0.0,0.0,0.0,0
1492860763009,5499,1,7,2,1.0,0.0,0.7,0.45825756949558405,7.0,0,1,0,0.3,0.45825756949558405,3,1,0,0.2,0.4000000000000001,2,0,0,0,0.0,0.0,0,0,0,0.0,0.0,0,0,1,0,0.3,0.45825756949558405,3,1,0,0.2,0.4000000000000001,2,0,0,0,0.0,0.0,0,0,0,0.0,0.0,0,0,0,0,0.0,0.0,0,0,0,0.0,0.0,0,0,0,0,0,0.0,0.0,0,0,0,0.0,0.0,0,0,0,0,0.0,0.0,0,0,0,0.0,0.0,0,0,0,0.0,0.0,0,0,0,0.0,0.0,0,0,7,1,4.3,1.6155494421403513,43,0,0,0.0,0.0,0,0,6,0,1.3,2.3685438564654024,13,0,0,0.0,0.0,0,0,4,0,1.4,1.42828568570857,14,0,0,0.0,0.0,0,0,5,0,1.6,1.5620499351813308,16,0,0,0.0,0.0,0,0,0,0,0.0,0.0,0,0,0,0.0,0.0,0,0,0,0,0,0.0,0.0,0,0,0,0.0,0.0,0,0,0,0,0.0,0.0,0,0,0,0.0,0.0,0,1,0,0.1,0.30000000000000004,1,8,0,2.5,2.7294688127912363,25,0,0,0.0,0.0,0,0,4,0,3,3,0,10,0.4,10,5,6.25,2.165063509461097,25,0,0,0.0,0.0,0,0,0,0,0,0,0.0,0.0,0.0,0.0,0,1.0,0.0,0.1,0.30000000000000004,1.0,0.0,0.0,0.0,0.0,0,0,0,0.0,0.0,0,0,0,0.0,0.0,0,0.0,0.0,0.0,0.0,0,0.0,0.0,0.0,0.0,0
1492860767955,5515,1,4,5,1.0,0.0,0.4,0.4898979485566356,4.0,0,1,0,0.4,0.48989794855663565,4,1,0,0.2,0.4000000000000001,2,0,1,0,0.2,0.4000000000000001,2,0,0,0.0,0.0,0,0,1,0,0.2,0.4000000000000001,2,1,0,0.1,0.30000000000000004,1,0,0,0,0.0,0.0,0,1,0,0.1,0.30000000000000004,1,0,0,0,0.0,0.0,0,0,0,0.0,0.0,0,0,0,0,0,0.0,0.0,0,5,0,0.5,1.5,5,0,0,0,0.0,0.0,0,0,0,0.0,0.0,0,0,0,0.0,0.0,0,0,0,0.0,0.0,0,0,4,1,2.7,1.004987562112089,27,2,0,0.2,0.6000000000000001,2,0,4,0,1.1,1.5132745950421558,11,0,0,0.0,0.0,0,0,3,0,0.9,1.044030650891055,9,0,0,0.0,0.0,0,0,2,0,0.7,0.7810249675906655,7,0,0,0.0,0.0,0,0,0,0,0.0,0.0,0,2,0,0.2,0.6000000000000001,2,0,0,0,0,0.0,0.0,0,0,0,0.0,0.0,0,0,0,0,0.0,0.0,0,0,0,0.0,0.0,0,0,0,0.0,0.0,0,0,0,0.0,0.0,0,0,0,0.0,0.0,0,0,7,0,1,2,0,10,0.7,10,5,7.857142857142857,2.4743582965269675,55,0,0,0.0,0.0,0,0,0,0,0,0,0.0,0.0,0.0,0.0,0,1.0,0.0,0.1,0.30000000000000004,1.0,0.0,0.0,0.0,0.0,0,0,0,0.0,0.0,0,1,0,0.1,0.30000000000000004,1,0.0,0.0,0.0,0.0,0,0.0,0.0,0.0,0.0,0
1492860772790,5614,6,0,4,1.0,0.0,0.7,0.45825756949558405,7.0,0,1,0,0.4,0.48989794855663565,4,0,0,0.0,0.0,0,0,1,0,0.1,0.30000000000000004,1,0,0,0.0,0.0,0,0,1,0,0.1,0.30000000000000004,1,0,0,0.0,0.0,0,0,1,0,0.2,0.4000000000000001,2,0,0,0.0,0.0,0,0,0,0,0.0,0.0,0,0,0,0.0,0.0,0,0,0,0,0,0.0,0.0,0,0,0,0.0,0.0,0,0,0,0,0.0,0.0,0,0,0,0.0,0.0,0,0,0,0.0,0.0,0,0,0,0.0,0.0,0,0,4,2,3.3,0.9,33,0,0,0.0,0.0,0,0,4,0,0.7,1.268857754044952,7,0,0,0.0,0.0,0,0,2,0,0.4,0.66332495807108,4,0,0,0.0,0.0,0,0,4,0,2.2,1.5999999999999999,22,0,0,0.0,0.0,0,0,0,0,0.0,0.0,0,0,0,0.0,0.0,0,0,0,15,0,1.9,4.52658811910251,19,12,0,1.2,3.6000000000000005,12,0,0,0,0.0,0.0,0,0,0,0.0,0.0,0,1,0,0.1,0.30000000000000004,1,0,0,0.0,0.0,0,0,0,0.0,0.0,0,0,7,1,2,0,0,10,0.7,15,5,10.0,3.779644730092272,70,0,0,0.0,0.0,0,0,0,0,0,0,0.0,0.0,0.0,0.0,0,0.0,0.0,0.0,0.0,0,0.0,0.0,0.0,0.0,0,0,0,0.0,0.0,0,0,0,0.0,0.0,0,0.0,0.0,0.0,0.0,0,0.0,0.0,0.0,0.0,0
1492860777765,5803,1,5,4,1.0,0.0,0.5,0.5,5.0,0,1,0,0.3,0.45825756949558405,3,0,0,0.0,0.0,0,0,0,0,0.0,0.0,0,0,0,0.0,0.0,0,0,1,0,0.3,0.45825756949558405,3,0,0,0.0,0.0,0,0,0,0,0.0,0.0,0,0,0,0.0,0.0,0,0,0,0,0.0,0.0,0,0,0,0.0,0.0,0,0,0,6,0,1.7,2.41039415863879,17,10,0,4.5,4.544227107000705,45,0,0,0,0.0,0.0,0,0,0,0.0,0.0,0,0,0,0.0,0.0,0,0,0,0.0,0.0,0,0,5,1,3.0,1.0954451150103321,30,1,0,0.3,0.45825756949558405,3,0,4,0,1.5,1.2041594578792296,15,0,0,0.0,0.0,0,0,3,0,1.1,0.9433981132056604,11,1,0,0.2,0.4000000000000001,2,0,1,0,0.4,0.4898979485566356,4,1,0,0.1,0.30000000000000004,1,0,0,0,0.0,0.0,0,0,0,0.0,0.0,0,0,0,7,0,1.7,2.794637722496424,17,7,0,1.5,2.4596747752497685,15,0,0,0,0.0,0.0,0,0,0,0.0,0.0,0,0,0,0.0,0.0,0,5,0,2.2,1.6,22,0,0,0.0,0.0,0,0,8,0,1,1,0,10,0.8,10,5,6.875,2.4206145913796355,55,0,0,0.0,0.0,0,0,0,0,0,0,0.0,0.0,0.0,0.0,0,0.0,0.0,0.0,0.0,0,0.0,0.0,0.0,0.0,0,0,0,0.0,0.0,0,0,0,0.0,0.0,0,0.0,0.0,0.0,0.0,0,0.0,0.0,0.0,0.0,0
1492860783163,5816,2,7,1,1.0,0.0,0.5,0.5,5.0,0,1,0,0.4,0.4898979485566356,4,1,0,0.2,0.4000000000000001,2,0,0,0,0.0,0.0,0,0,0,0.0,0.0,0,0,1,0,0.4,0.4898979485566356,4,1,0,0.1,0.30000000000000004,1,0,0,0,0.0,0.0,0,1,0,0.1,0.30000000000000004,1,0,0,0,0.0,0.0,0,0,0,0.0,0.0,0,0,0,0,0,0.0,0.0,0,0,0,0.0,0.0,0,0,0,0,0.0,0.0,0,0,0,0.0,0.0,0,0,0,0.0,0.0,0,0,0,0.0,0.0,0,0,4,0,2.1,1.374772708486752,21,1,0,0.1,0.30000000000000004,1,0,3,0,1.0,1.0954451150103321,10,0,0,0.0,0.0,0,0,2,0,0.7,0.9,7,1,0,0.1,0.30000000000000004,1,0,3,0,0.4,0.9165151389911681,4,0,0,0.0,0.0,0,0,0,0,0.0,0.0,0,0,0,0.0,0.0,0,0,0,0,0,0.0,0.0,0,0,0,0.0,0.0,0,0,0,0,0.0,0.0,0,0,0,0.0,0.0,0,1,0,0.2,0.4000000000000001,2,0,0,0.0,0.0,0,0,0,0.0,0.0,0,0,5,0,1,4,0,10,0.5,10,5,9.0,2.0,45,0,0,0.0,0.0,0,0,0,0,0,0,0.0,0.0,0.0,0.0,0,1.0,0.0,0.4,0.48989794855663565,4.0,0.0,0.0,0.0,0.0,0,1,0,0.1,0.30000000000000004,1,1,0,0.1,0.30000000000000004,1,0.0,0.0,0.0,0.0,0,0.0,0.0,0.0,0.0,0
1492860796497,5970,1,9,0,1.0,0.0,0.7,0.45825756949558405,7.0,0,1,0,0.8,0.4,8,0,0,0.0,0.0,0,0,0,0,0.0,0.0,0,0,0,0.0,0.0,0,0,1,0,0.7,0.45825756949558405,7,0,0,0.0,0.0,0,0,1,0,0.1,0.30000000000000004,1,0,0,0.0,0.0,0,0,0,0,0.0,0.0,0,0,0,0.0,0.0,0,0,0,0,0,0.0,0.0,0,0,0,0.0,0.0,0,0,0,0,0.0,0.0,0,0,0,0.0,0.0,0,0,0,0.0,0.0,0,0,0,0.0,0.0,0,0,4,0,2.2,1.077032961426901,22,1,0,0.3,0.45825756949558394,3,0,2,0,0.6,0.9165151389911679,6,0,0,0.0,0.0,0,0,2,0,0.3,0.6403124237432848,3,0,0,0.0,0.0,0,0,4,0,1.3,1.4866068747318506,13,1,0,0.3,0.45825756949558394,3,0,0,0,0.0,0.0,0,0,0,0.0,0.0,0,0,0,0,0,0.0,0.0,0,0,0,0.0,0.0,0,0,0,0,0.0,0.0,0,0,0,0.0,0.0,0,0,0,0.0,0.0,0,0,0,0.0,0.0,0,0,0,0.0,0.0,0,0,8,1,1,0,0,10,0.8,15,5,6.875,3.4798527267687636,55,0,0,0.0,0.0,0,0,0,0,0,0,0.0,0.0,0.0,0.0,0,0.0,0.0,0.0,0.0,0,0.0,0.0,0.0,0.0,0,0,0,0.0,0.0,0,0,0,0.0,0.0,0,0.0,0.0,0.0,0.0,0,0.0,0.0,0.0,0.0,0
1492860802083,6144,6,1,3,1.0,1.0,1.0,0.0,10.0,0,0,0,0.0,0.0,0,0,0,0.0,0.0,0,0,0,0,0.0,0.0,0,0,0,0.0,0.0,0,0,0,0,0.0,0.0,0,0,0,0.0,0.0,0,0,0,0,0.0,0.0,0,0,0,0.0,0.0,0,0,0,0,0.0,0.0,0,0,0,0.0,0.0,0,0,0,10,0,1.0,3.0,10,0,0,0.0,0.0,0,0,0,0,0.0,0.0,0,0,0,0.0,0.0,0,1,0,0.1,0.30000000000000004,1,0,0,0.0,0.0,0,0,2,0,0.9,0.7,9,1,0,0.1,0.30000000000000004,1,0,2,0,0.5,0.806225774829855,5,0,0,0.0,0.0,0,0,0,0,0.0,0.0,0,0,0,0.0,0.0,0,0,1,0,0.4,0.4898979485566356,4,1,0,0.1,0.30000000000000004,1,0,0,0,0.0,0.0,0,0,0,0.0,0.0,0,0,0,0,0,0.0,0.0,0,0,0,0.0,0.0,0,0,0,0,0.0,0.0,0,0,0,0.0,0.0,0,1,0,0.1,0.30000000000000004,1,0,0,0.0,0.0,0,0,0,0.0,0.0,0,0,3,1,4,2,0,10,0.3,15,5,8.333333333333334,4.714045207910316,25,0,0,0.0,0.0,0,0,0,0,0,0,0.0,0.0,0.0,0.0,0,0.0,0.0,0.0,0.0,0,0.0,0.0,0.0,0.0,0,0,0,0.0,0.0,0,3,0,0.3,0.9000000000000001,3,0.0,0.0,0.0,0.0,0,0.0,0.0,0.0,0.0,0
1492860812723,6304,1,6,3,1.0,0.0,0.9,0.3,9.0,0,1,0,0.4,0.48989794855663565,4,1,0,0.1,0.30000000000000004,1,0,0,0,0.0,0.0,0,0,0,0.0,0.0,0,0,1,0,0.4,0.48989794855663565,4,1,0,0.1,0.30000000000000004,1,0,0,0,0.0,0.0,0,0,0,0.0,0.0,0,0,0,0,0.0,0.0,0,0,0,0.0,0.0,0,0,0,0,0,0.0,0.0,0,0,0,0.0,0.0,0,0,0,0,0.0,0.0,0,0,0,0.0,0.0,0,0,0,0.0,0.0,0,0,0,0.0,0.0,0,0,2,0,0.8,0.6000000000000001,8,1,0,0.1,0.30000000000000004,1,0,2,0,0.3,0.6403124237432848,3,0,0,0.0,0.0,0,0,0,0,0.0,0.0,0,0,0,0.0,0.0,0,0,1,0,0.5,0.5,5,0,0,0.0,0.0,0,0,0,0,0.0,0.0,0,1,0,0.1,0.30000000000000004,1,0,0,0,0,0.0,0.0,0,0,0,0.0,0.0,0,0,0,0,0.0,0.0,0,0,0,0.0,0.0,0,1,0,0.2,0.4000000000000001,2,0,0,0.0,0.0,0,0,0,0.0,0.0,0,0,6,1,2,1,0,10,0.6,20,10,13.333333333333334,3.7267799624996494,80,0,0,0.0,0.0,0,0,0,0,0,0,0.0,0.0,0.0,0.0,0,1.0,0.0,0.1,0.30000000000000004,1.0,0.0,0.0,0.0,0.0,0,0,0,0.0,0.0,0,3,0,0.3,0.9000000000000001,3,0.0,0.0,0.0,0.0,0,0.0,0.0,0.0,0.0,0
1492860818804,6325,0,10,0,1.0,0.0,0.6,0.4898979485566357,6.0,0,3,0,1.0,0.7745966692414834,10,0,0,0.0,0.0,0,0,0,0,0.0,0.0,0,0,0,0.0,0.0,0,0,2,0,0.9,0.5385164807134504,9,0,0,0.0,0.0,0,0,1,0,0.1,0.30000000000000004,1,0,0,0.0,0.0,0,0,0,0,0.0,0.0,0,0,0,0.0,0.0,0,0,0,0,0,0.0,0.0,0,0,0,0.0,0.0,0,0,0,0,0.0,0.0,0,0,0,0.0,0.0,0,0,0,0.0,0.0,0,0,0,0.0,0.0,0,0,4,0,2.3,1.345362404707371,23,1,0,0.1,0.30000000000000004,1,0,4,0,0.4,1.2000000000000002,4,0,0,0.0,0.0,0,0,3,0,1.5,1.284523257866513,15,0,0,0.0,0.0,0,0,4,0,0.4,1.2000000000000002,4,0,0,0.0,0.0,0,0,0,0,0.0,0.0,0,1,0,0.1,0.30000000000000004,1,0,0,0,0,0.0,0.0,0,0,0,0.0,0.0,0,0,0,0,0.0,0.0,0,0,0,0.0,0.0,0,0,0,0.0,0.0,0,0,0,0.0,0.0,0,0,0,0.0,0.0,0,0,6,0,1,3,0,10,0.6,25,10,15.833333333333334,5.335936864527374,95,0,0,0.0,0.0,0,0,0,0,0,0,0.0,0.0,0.0,0.0,0,1.0,0.0,0.2,0.4000000000000001,2.0,0.0,0.0,0.0,0.0,0,0,0,0.0,0.0,0,1,0,0.1,0.30000000000000004,1,0.0,0.0,0.0,0.0,0,0.0,0.0,0.0,0.0,0
1492860824790,6361,7,0,3,1.0,0.0,0.7,0.45825756949558405,7.0,0,0,0,0.0,0.0,0,0,0,0.0,0.0,0,0,0,0,0.0,0.0,0,0,0,0.0,0.0,0,0,0,0,0.0,0.0,0,0,0,0.0,0.0,0,0,0,0,0.0,0.0,0,0,0,0.0,0.0,0,0,0,0,0.0,0.0,0,0,0,0.0,0.0,0,0,0,0,0,0.0,0.0,0,0,0,0.0,0.0,0,0,0,0,0.0,0.0,0,0,0,0.0,0.0,0,0,0,0.0,0.0,0,0,0,0.0,0.0,0,0,4,1,2.0,0.8944271909999159,20,1,0,0.1,0.30000000000000004,1,0,3,0,0.4,0.9165151389911681,4,0,0,0.0,0.0,0,0,2,0,0.4,0.8000000000000002,4,0,0,0.0,0.0,0,0,2,0,1.2,0.6000000000000001,12,1,0,0.1,0.30000000000000004,1,0,0,0,0.0,0.0,0,0,0,0.0,0.0,0,0,0,0,0,0.0,0.0,0,0,0,0.0,0.0,0,0,0,0,0.0,0.0,0,0,0,0.0,0.0,0,1,0,0.1,0.30000000000000004,1,0,0,0.0,0.0,0,0,0,0.0,0.0,0,0,5,0,4,1,0,10,0.5,15,5,9.0,3.7416573867739413,45,0,0,0.0,0.0,0,0,0,0,0,0,0.0,0.0,0.0,0.0,0,0.0,0.0,0.0,0.0,0,0.0,0.0,0.0,0.0,0,0,0,0.0,0.0,0,0,0,0.0,0.0,0,0.0,0.0,0.0,0.0,0,0.0,0.0,0.0,0.0,0
1492860829712,6388,7,0,3,1.0,0.0,0.9,0.3,9.0,0,0,0,0.0,0.0,0,0,0,0.0,0.0,0,0,0,0,0.0,0.0,0,0,0,0.0,0.0,0,0,0,0,0.0,0.0,0,0,0,0.0,0.0,0,0,0,0,0.0,0.0,0,0,0,0.0,0.0,0,0,0,0,0.0,0.0,0,0,0,0.0,0.0,0,0,0,0,0,0.0,0.0,0,0,0,0.0,0.0,0,0,0,0,0.0,0.0,0,0,0,0.0,0.0,0,1,0,0.2,0.4000000000000001,2,0,0,0.0,0.0,0,0,1,0,0.2,0.4000000000000001,2,0,0,0.0,0.0,0,0,0,0,0.0,0.0,0,0,0,0.0,0.0,0,0,0,0,0.0,0.0,0,0,0,0.0,0.0,0,0,1,0,0.2,0.4000000000000001,2,0,0,0.0,0.0,0,0,0,0,0.0,0.0,0,0,0,0.0,0.0,0,0,0,0,0,0.0,0.0,0,3,0,0.3,0.9000000000000001,3,0,0,0,0.0,0.0,0,0,0,0.0,0.0,0,2,0,0.5,0.6708203932499369,5,0,0,0.0,0.0,0,0,0,0.0,0.0,0,0,3,0,2,5,0,10,0.3,30,10,18.333333333333332,8.498365855987975,55,0,0,0.0,0.0,0,0,0,0,0,0,0.0,0.0,0.0,0.0,0,1.0,0.0,0.1,0.30000000000000004,1.0,0.0,0.0,0.0,0.0,0,1,0,0.1,0.30000000000000004,1,2,0,0.2,0.6000000000000001,2,0.0,0.0,0.0,0.0,0,0.0,0.0,0.0,0.0,0
1492860834614,6409,6,1,3,1.0,0.0,0.6,0.4898979485566357,6.0,0,0,0,0.0,0.0,0,0,0,0.0,0.0,0,0,0,0,0.0,0.0,0,0,0,0.0,0.0,0,0,0,0,0.0,0.0,0,0,0,0.0,0.0,0,0,0,0,0.0,0.0,0,0,0,0.0,0.0,0,0,0,0,0.0,0.0,0,0,0,0.0,0.0,0,0,0,0,0,0.0,0.0,0,0,0,0.0,0.0,0,0,0,0,0.0,0.0,0,0,0,0.0,0.0,0,0,0,0.0,0.0,0,0,0,0.0,0.0,0,0,1,0,0.8,0.4,8,0,0,0.0,0.0,0,0,1,0,0.2,0.4000000000000001,2,0,0,0.0,0.0,0,0,0,0,0.0,0.0,0,0,0,0.0,0.0,0,0,1,0,0.6,0.48989794855663565,6,0,0,0.0,0.0,0,0,0,0,0.0,0.0,0,0,0,0.0,0.0,0,0,0,0,0,0.0,0.0,0,0,0,0.0,0.0,0,0,0,0,0.0,0.0,0,0,0,0.0,0.0,0,2,0,0.4,0.66332495807108,4,0,0,0.0,0.0,0,0,0,0.0,0.0,0,0,1,0,2,7,0,10,0.1,10,10,10.0,0.0,10,0,0,0.0,0.0,0,0,0,0,0,0,0.0,0.0,0.0,0.0,0,1.0,0.0,0.5,0.5,5.0,0.0,0.0,0.0,0.0,0,1,0,0.1,0.30000000000000004,1,0,0,0.0,0.0,0,0.0,0.0,0.0,0.0,0,0.0,0.0,0.0,0.0,0
1492860839904,6508,7,0,3,1.0,0.0,0.5,0.5,5.0,0,1,0,0.5,0.5,5,0,0,0.0,0.0,0,0,1,0,0.2,0.4000000000000001,2,0,0,0.0,0.0,0,0,0,0,0.0,0.0,0,0,0,0.0,0.0,0,0,1,0,0.3,0.45825756949558394,3,0,0,0.0,0.0,0,0,0,0,0.0,0.0,0,0,0,0.0,0.0,0,0,0,0,0,0.0,0.0,0,0,0,0.0,0.0,0,0,0,0,0.0,0.0,0,0,0,0.0,0.0,0,1,0,0.1,0.30000000000000004,1,0,0,0.0,0.0,0,0,5,1,2.8,1.32664991614216,28,2,0,0.2,0.6000000000000001,2,0,3,0,0.6,0.9165151389911681,6,0,0,0.0,0.0,0,0,2,0,0.3,0.6403124237432849,3,1,0,0.1,0.30000000000000004,1,0,5,0,1.9,1.8138357147217055,19,1,0,0.1,0.30000000000000004,1,0,0,0,0.0,0.0,0,0,0,0.0,0.0,0,0,0,0,0,0.0,0.0,0,0,0,0.0,0.0,0,0,0,0,0.0,0.0,0,0,0,0.0,0.0,0,1,0,0.1,0.30000000000000004,1,0,0,0.0,0.0,0,0,0,0.0,0.0,0,0,9,0,1,0,0,10,0.9,15,5,10.0,4.08248290463863,90,0,0,0.0,0.0,0,0,0,0,0,0,0.0,0.0,0.0,0.0,0,0.0,0.0,0.0,0.0,0,0.0,0.0,0.0,0.0,0,0,0,0.0,0.0,0,0,0,0.0,0.0,0,0.0,0.0,0.0,0.0,0,0.0,0.0,0.0,0.0,0
1492860844869,6560,1,5,3,1.0,0.0,0.6666666666666666,0.4714045207910317,6.0,0,1,0,0.2222222222222222,0.41573970964154905,2,1,0,0.2222222222222222,0.41573970964154905,2,0,0,0,0.0,0.0,0,1,0,0.1111111111111111,0.3142696805273545,1,0,1,0,0.2222222222222222,0.41573970964154905,2,0,0,0.0,0.0,0,0,0,0,0.0,0.0,0,1,0,0.1111111111111111,0.31426968052735454,1,0,0,0,0.0,0.0,0,0,0,0.0,0.0,0,0,0,0,0,0.0,0.0,0,0,0,0.0,0.0,0,0,0,0,0.0,0.0,0,0,0,0.0,0.0,0,0,0,0.0,0.0,0,0,0,0.0,0.0,0,0,4,0,2.2222222222222223,1.1331154474650633,20,2,0,0.3333333333333333,0.6666666666666667,3,0,2,0,0.6666666666666666,0.6666666666666667,6,0,0,0.0,0.0,0,0,3,0,1.1111111111111112,0.9938079899999066,10,1,0,0.1111111111111111,0.3142696805273545,1,0,3,0,0.4444444444444444,0.9558139185602919,4,0,0,0.0,0.0,0,0,0,0,0.0,0.0,0,2,0,0.2222222222222222,0.6285393610547089,2,0,0,0,0,0.0,0.0,0,0,0,0.0,0.0,0,0,0,0,0.0,0.0,0,0,0,0.0,0.0,0,0,0,0.0,0.0,0,0,0,0.0,0.0,0,0,0,0.0,0.0,0,0,6,0,1,2,0,9,0.6666666666666666,15,10,10.833333333333334,1.863389981249825,65,0,0,0.0,0.0,0,0,0,0,0,0,0.0,0.0,0.0,0.0,0,1.0,0.0,0.2222222222222222,0.41573970964154905,2.0,0.0,0.0,0.0,0.0,0,0,0,0.0,0.0,0,0,0,0.0,0.0,0,0.0,0.0,0.0,0.0,0,0.0,0.0,0.0,0.0,0
1492860851953,6705,4,3,3,1.0,1.0,1.0,0.0,10.0,0,1,0,0.3,0.45825756949558405,3,0,0,0.0,0.0,0,0,0,0,0.0,0.0,0,0,0,0.0,0.0,0,0,1,0,0.1,0.30000000000000004,1,0,0,0.0,0.0,0,0,1,0,0.2,0.4,2,0,0,0.0,0.0,0,0,0,0,0.0,0.0,0,0,0,0.0,0.0,0,0,0,0,0,0.0,0.0,0,0,0,0.0,0.0,0,0,0,0,0.0,0.0,0,0,0,0.0,0.0,0,0,0,0.0,0.0,0,0,0,0.0,0.0,0,0,7,2,4.1,1.374772708486752,41,1,0,0.2,0.4,2,0,4,0,1.0,1.5491933384829668,10,0,0,0.0,0.0,0,0,3,0,1.1,0.9433981132056604,11,0,0,0.0,0.0,0,0,5,0,2.0,1.7320508075688772,20,0,0,0.0,0.0,0,0,0,0,0.0,0.0,0,1,0,0.2,0.4,2,0,0,0,0,0.0,0.0,0,0,0,0.0,0.0,0,0,0,0,0.0,0.0,0,0,0,0.0,0.0,0,0,0,0.0,0.0,0,0,0,0.0,0.0,0,0,0,0.0,0.0,0,0,7,0,1,2,0,10,0.7,20,10,12.857142857142858,3.6421567954234177,90,0,0,0.0,0.0,0,0,0,0,0,0,0.0,0.0,0.0,0.0,0,1.0,0.0,0.1,0.30000000000000004,1.0,0.0,0.0,0.0,0.0,0,1,0,0.1,0.30000000000000004,1,0,0,0.0,0.0,0,0.0,0.0,0.0,0.0,0,0.0,0.0,0.0,0.0,0
